,word,num
0,来,15
1,闻,15
2,因,14
3,今,13
4,成,12
5,须,11
6,草,11
7,世,11
8,钧,11
9,君,11
10,国,11
11,寒,11
12,江,10
13,乌,10
14,高,10
15,春,10
16,山,10
17,未,10
18,能,10
19,问,10
20,散,9
21,期,9
22,己,9
23,彼,9
24,裁,9
25,刹,9
26,何,9
27,空,9
28,子,9
29,宫,9
30,明,9
31,城,9
32,安,9
33,雨,9
34,坐,9
35,过,9
36,衮,8
37,地,8
38,眼,8
39,银,8
40,唯,8
41,犹,8
42,远,8
43,首,8
44,恩,8
45,楼,8
46,是,8
47,年,8
48,忽,8
49,泉,8
50,敌,8
51,闲,8
52,决,8
53,继,8
54,间,8
55,秋,8
56,龙,8
57,亲,8
58,孤,8
59,醉,8
60,独,8
61,桑,8
62,园,8
63,呜,8
64,知,8
65,乔,8
66,大,8
67,客,8
68,林,7
69,青,7
70,三,7
71,效,7
72,在,7
73,盏,7
74,干,7
75,追,7
76,若,7
77,御,7
78,诗,7
79,午,7
80,白,7
81,惹,7
82,塞,7
83,湖,7
84,杀,7
85,千,7
86,毛,7
87,柱,7
88,容,7
89,徵,7
90,采,7
91,裳,7
92,头,7
93,师,7
94,阁,7
95,户,7
96,意,7
97,谁,7
98,蔗,7
99,牢,7
100,藏,7
101,日,7
102,风,7
103,或,7
104,笼,7
105,舟,7
106,二,7
107,面,7
108,老,7
109,批,7
110,送,7
111,不,7
112,鸟,7
113,徽,7
114,弦,7
115,上,7
116,颈,7
117,皱,7
118,去,7
119,蕊,7
120,威,7
121,有,7
122,回,7
123,残,7
124,而,7
125,木,6
126,柔,6
127,狒,6
128,募,6
129,毂,6
130,句,6
131,满,6
132,抑,6
133,当,6
134,与,6
135,衢,6
136,暮,6
137,鳍,6
138,墼,6
139,还,6
140,蜇,6
141,聋,6
142,完,6
143,尽,6
144,苔,6
145,胸,6
146,据,6
147,睬,6
148,沿,6
149,骒,6
150,辣,6
151,得,6
152,宗,6
153,泌,6
154,刺,6
155,音,6
156,比,6
157,移,6
158,鹞,6
159,锫,6
160,洞,6
161,辩,6
162,灯,6
163,新,6
164,妇,6
165,漂,6
166,烧,6
167,此,6
168,拥,6
169,凤,6
170,偕,6
171,柯,6
172,绩,6
173,隙,6
174,实,6
175,疑,6
176,没,6
177,簿,6
178,钱,6
179,磐,6
180,摧,6
181,廑,6
182,昨,6
183,求,6
184,经,6
185,浮,6
186,闾,6
187,耕,6
188,酸,6
189,撇,6
190,数,6
191,李,6
192,裘,6
193,囵,6
194,鹳,6
195,似,6
196,种,6
197,歌,6
198,颓,6
199,奠,6
200,川,6
201,元,6
202,屋,6
203,胜,6
204,蒙,6
205,旆,6
206,检,6
207,朝,6
208,微,6
209,透,6
210,枯,6
211,鸦,6
212,口,6
213,尝,6
214,蹈,6
215,硵,6
216,发,6
217,案,6
218,准,6
219,蓬,6
220,剃,6
221,内,6
222,盆,6
223,道,6
224,颇,6
225,岷,6
226,赵,6
227,晓,6
228,昝,6
229,丘,6
230,剌,6
231,合,6
232,绣,6
233,背,5
234,撒,5
235,叔,5
236,摘,5
237,坚,5
238,怜,5
239,劝,5
240,霭,5
241,阳,5
242,武,5
243,南,5
244,共,5
245,莫,5
246,帘,5
247,旱,5
248,肠,5
249,跨,5
250,术,5
251,更,5
252,向,5
253,颌,5
254,瓜,5
255,淡,5
256,枷,5
257,柜,5
258,萎,5
259,迷,5
260,芳,5
261,录,5
262,整,5
263,癞,5
264,犬,5
265,找,5
266,桐,5
267,姑,5
268,峄,5
269,绕,5
270,迹,5
271,桥,5
272,枉,5
273,郎,5
274,镜,5
275,橐,5
276,模,5
277,自,5
278,聚,5
279,家,5
280,辅,5
281,郡,5
282,冶,5
283,文,5
284,铅,5
285,难,5
286,遮,5
287,两,5
288,点,5
289,弧,5
290,泥,5
291,固,5
292,车,5
293,禹,5
294,衣,5
295,水,5
296,乙,5
297,故,5
298,睢,5
299,蕤,5
300,贫,5
301,台,5
302,磬,5
303,镗,5
304,那,5
305,飘,5
306,霜,5
307,忘,5
308,夺,5
309,蕨,5
310,乐,5
311,冫,5
312,出,5
313,瘴,5
314,旧,5
315,札,5
316,驭,5
317,涧,5
318,十,5
319,窖,5
320,谈,5
321,栗,5
322,幕,5
323,饷,5
324,亳,5
325,黉,5
326,凝,5
327,解,5
328,严,5
329,闯,5
330,奋,5
331,适,5
332,绝,5
333,殊,5
334,囷,5
335,碟,5
336,根,5
337,咪,5
338,疏,5
339,慧,5
340,章,5
341,古,5
342,丰,5
343,渊,5
344,立,5
345,翁,5
346,疫,5
347,黄,5
348,尊,5
349,粱,5
350,磨,5
351,雅,5
352,匠,5
353,拨,5
354,曛,5
355,行,5
356,谓,5
357,矩,5
358,桃,5
359,峨,5
360,教,5
361,栽,5
362,语,5
363,汶,5
364,皀,5
365,鹃,5
366,汉,5
367,暝,5
368,氛,5
369,我,5
370,获,5
371,某,5
372,撖,5
373,练,5
374,橛,5
375,府,5
376,蟑,5
377,阑,5
378,寡,5
379,舍,5
380,骨,5
381,诲,5
382,直,5
383,葛,5
384,酒,5
385,货,5
386,繁,5
387,庄,5
388,溷,5
389,赤,5
390,逆,5
391,端,5
392,宜,5
393,氪,5
394,将,5
395,饭,5
396,矮,5
397,等,5
398,瑞,5
399,骆,5
400,赴,5
401,公,5
402,堂,5
403,洗,5
404,眩,5
405,扂,5
406,兔,5
407,惚,5
408,疲,5
409,无,5
410,扣,5
411,嘉,5
412,郐,5
413,翻,5
414,姓,5
415,住,5
416,之,5
417,丹,5
418,豌,5
419,美,5
420,月,5
421,善,5
422,聩,5
423,念,5
424,留,5
425,真,5
426,凡,5
427,王,5
428,每,5
429,涛,5
430,枢,5
431,海,5
432,雾,5
433,祟,5
434,心,5
435,戏,5
436,焕,5
437,猪,5
438,为,5
439,所,5
440,熄,5
441,任,5
442,锄,5
443,乡,5
444,最,5
445,橹,5
446,鼙,5
447,松,5
448,呼,5
449,竟,5
450,汇,5
451,径,5
452,辞,5
453,鞮,5
454,旋,4
455,篙,4
456,络,4
457,谐,4
458,壅,4
459,混,4
460,遗,4
461,臣,4
462,昔,4
463,室,4
464,亡,4
465,汛,4
466,谙,4
467,豁,4
468,芜,4
469,偏,4
470,话,4
471,桂,4
472,了,4
473,非,4
474,掇,4
475,袤,4
476,翔,4
477,剂,4
478,其,4
479,居,4
480,暨,4
481,续,4
482,窗,4
483,垛,4
484,鹣,4
485,狻,4
486,亿,4
487,乱,4
488,娣,4
489,妲,4
490,殷,4
491,鹇,4
492,飞,4
493,蝼,4
494,几,4
495,逞,4
496,条,4
497,钗,4
498,吴,4
499,狼,4
500,籁,4
501,欣,4
502,营,4
503,挺,4
504,岁,4
505,速,4
506,趱,4
507,洳,4
508,冰,4
509,殃,4
510,病,4
511,歆,4
512,皋,4
513,久,4
514,柴,4
515,粪,4
516,拟,4
517,柞,4
518,度,4
519,荡,4
520,密,4
521,蚤,4
522,眠,4
523,岛,4
524,盒,4
525,都,4
526,轾,4
527,髅,4
528,莲,4
529,皤,4
530,壤,4
531,望,4
532,鹯,4
533,黑,4
534,吏,4
535,云,4
536,觅,4
537,侗,4
538,檐,4
539,悲,4
540,凼,4
541,绿,4
542,鹤,4
543,盛,4
544,盗,4
545,绨,4
546,惆,4
547,德,4
548,誊,4
549,铸,4
550,哿,4
551,栋,4
552,勿,4
553,人,4
554,圯,4
555,涪,4
556,顾,4
557,惊,4
558,困,4
559,矾,4
560,衫,4
561,贷,4
562,槊,4
563,缣,4
564,渡,4
565,天,4
566,羯,4
567,农,4
568,诸,4
569,皮,4
570,奔,4
571,吾,4
572,赓,4
573,周,4
574,休,4
575,踢,4
576,扁,4
577,埚,4
578,勉,4
579,辨,4
580,脚,4
581,葭,4
582,玻,4
583,逄,4
584,角,4
585,鞴,4
586,绷,4
587,郴,4
588,群,4
589,貔,4
590,郯,4
591,药,4
592,造,4
593,东,4
594,字,4
595,搓,4
596,曾,4
597,霈,4
598,待,4
599,蓠,4
600,方,4
601,蹢,4
602,戎,4
603,稀,4
604,鹧,4
605,多,4
606,遒,4
607,变,4
608,绑,4
609,常,4
610,贩,4
611,跋,4
612,帑,4
613,梯,4
614,见,4
615,偿,4
616,穆,4
617,栖,4
618,堕,4
619,墓,4
620,陷,4
621,睛,4
622,酱,4
623,汩,4
624,途,4
625,杜,4
626,作,4
627,呈,4
628,以,4
629,菖,4
630,驹,4
631,帝,4
632,俦,4
633,罢,4
634,株,4
635,处,4
636,弃,4
637,颏,4
638,撂,4
639,矽,4
640,缴,4
641,渭,4
642,件,4
643,隹,4
644,箫,4
645,芙,4
646,钓,4
647,疖,4
648,縻,4
649,结,4
650,薰,4
651,幸,4
652,腹,4
653,秀,4
654,糜,4
655,蝙,4
656,广,4
657,戒,4
658,篦,4
659,开,4
660,舂,4
661,牙,4
662,钋,4
663,童,4
664,产,4
665,挫,4
666,猜,4
667,烨,4
668,溪,4
669,芽,4
670,沧,4
671,系,4
672,薢,4
673,扮,4
674,畏,4
675,闽,4
676,蒇,4
677,修,4
678,惑,4
679,脱,4
680,弗,4
681,浏,4
682,麻,4
683,式,4
684,蛮,4
685,殖,4
686,菠,4
687,宣,4
688,震,4
689,榈,4
690,掖,4
691,嬴,4
692,沁,4
693,徼,4
694,填,4
695,赘,4
696,泣,4
697,盎,4
698,夏,4
699,梅,4
700,鄄,4
701,剥,4
702,吹,4
703,竞,4
704,怿,4
705,澌,4
706,窃,4
707,裸,4
708,护,4
709,豢,4
710,蒸,4
711,半,4
712,雄,4
713,炱,4
714,禄,4
715,邶,4
716,笑,4
717,翮,4
718,陪,4
719,州,4
720,转,4
721,赏,4
722,姮,4
723,阀,4
724,捉,4
725,毖,4
726,边,4
727,接,4
728,错,4
729,俗,4
730,运,4
731,贳,4
732,葬,4
733,声,4
734,朗,4
735,箪,4
736,膝,4
737,诓,4
738,升,4
739,潮,4
740,策,4
741,钴,4
742,迁,4
743,动,4
744,逮,4
745,张,4
746,及,4
747,料,4
748,播,4
749,翌,4
750,坏,4
751,穹,4
752,萝,4
753,葸,4
754,冻,4
755,屐,4
756,肚,4
757,皇,4
758,黟,4
759,椎,4
760,缃,4
761,情,4
762,赢,4
763,蝴,4
764,蹭,4
765,廪,4
766,从,4
767,倦,4
768,树,4
769,雏,4
770,啷,4
771,蓊,4
772,宿,4
773,游,4
774,佘,4
775,闺,4
776,懂,4
777,腥,4
778,荐,4
779,岩,4
780,躞,4
781,肜,4
782,钩,4
783,缟,4
784,仞,4
785,言,4
786,阎,4
787,斩,4
788,蛰,4
789,兵,4
790,影,4
791,辎,4
792,畋,4
793,赊,4
794,妫,4
795,楸,4
796,率,4
797,生,4
798,汤,4
799,秦,4
800,漏,4
801,会,4
802,谷,4
803,粹,4
804,硅,4
805,漪,4
806,紫,4
807,挪,4
808,洪,4
809,初,4
810,贱,4
811,酷,4
812,镅,4
813,葱,4
814,绢,4
815,挑,4
816,薏,4
817,鸠,4
818,诠,4
819,马,4
820,访,4
821,涯,4
822,酏,4
823,熟,4
824,罚,4
825,鞭,4
826,裹,4
827,示,4
828,鏊,4
829,蚆,4
830,阔,4
831,缉,4
832,阅,4
833,遥,4
834,馀,4
835,蝾,4
836,鸣,4
837,撸,4
838,急,4
839,荆,4
840,躔,4
841,簪,4
842,拚,4
843,觥,4
844,寿,4
845,名,4
846,鼐,4
847,冥,4
848,光,4
849,赃,4
850,星,4
851,象,4
852,滢,4
853,荦,4
854,蓉,4
855,昏,4
856,夭,4
857,围,4
858,逶,4
859,阖,4
860,辫,4
861,譬,4
862,酲,4
863,带,4
864,阍,4
865,阴,4
866,洇,4
867,墀,4
868,街,4
869,鲲,4
870,瓮,4
871,焘,4
872,埒,4
873,深,4
874,姚,4
875,屹,4
876,巴,4
877,照,4
878,叁,4
879,痕,4
880,荒,4
881,朴,4
882,饥,4
883,瘁,4
884,却,4
885,负,4
886,姬,4
887,网,4
888,零,4
889,起,4
890,杌,4
891,澜,4
892,隈,3
893,绐,3
894,万,3
895,銆,3
896,肓,3
897,狗,3
898,樯,3
899,婢,3
900,绖,3
901,曹,3
902,逾,3
903,田,3
904,栳,3
905,必,3
906,锎,3
907,鹄,3
908,霞,3
909,只,3
910,坠,3
911,锊,3
912,攀,3
913,裒,3
914,盟,3
915,九,3
916,野,3
917,永,3
918,桎,3
919,仿,3
920,享,3
921,岣,3
922,壁,3
923,拈,3
924,蝉,3
925,骂,3
926,郛,3
927,驱,3
928,旷,3
929,蒺,3
930,萍,3
931,吟,3
932,枫,3
933,朱,3
934,女,3
935,阼,3
936,啉,3
937,鹿,3
938,勇,3
939,篮,3
940,渚,3
941,璺,3
942,跞,3
943,酋,3
944,稂,3
945,闹,3
946,弋,3
947,好,3
948,痃,3
949,鹎,3
950,孵,3
951,钷,3
952,诫,3
953,静,3
954,捏,3
955,靶,3
956,鹁,3
957,昼,3
958,衲,3
959,菜,3
960,猿,3
961,融,3
962,您,3
963,否,3
964,学,3
965,猷,3
966,罂,3
967,止,3
968,镮,3
969,鞘,3
970,钯,3
971,樟,3
972,揄,3
973,伐,3
974,荜,3
975,跛,3
976,腻,3
977,弛,3
978,呋,3
979,颃,3
980,噔,3
981,燠,3
982,艳,3
983,虐,3
984,吝,3
985,稣,3
986,韦,3
987,朋,3
988,雍,3
989,绚,3
990,瞳,3
991,哝,3
992,骇,3
993,勋,3
994,饧,3
995,搭,3
996,椓,3
997,讣,3
998,糇,3
999,泱,3
1000,爪,3
1001,盔,3
1002,输,3
1003,圜,3
1004,怨,3
1005,戟,3
1006,芊,3
1007,郏,3
1008,循,3
1009,鬃,3
1010,筹,3
1011,菥,3
1012,薛,3
1013,槠,3
1014,算,3
1015,勒,3
1016,驾,3
1017,屡,3
1018,巍,3
1019,祜,3
1020,形,3
1021,涣,3
1022,蜷,3
1023,掬,3
1024,琛,3
1025,旒,3
1026,邈,3
1027,寰,3
1028,绶,3
1029,华,3
1030,骢,3
1031,凰,3
1032,冢,3
1033,韶,3
1034,慢,3
1035,煞,3
1036,徒,3
1037,珂,3
1038,使,3
1039,蹼,3
1040,逍,3
1041,思,3
1042,恶,3
1043,父,3
1044,荥,3
1045,纯,3
1046,想,3
1047,醅,3
1048,鸵,3
1049,蹒,3
1050,紧,3
1051,麂,3
1052,灌,3
1053,箩,3
1054,票,3
1055,夜,3
1056,贽,3
1057,蕖,3
1058,馨,3
1059,姒,3
1060,桕,3
1061,拍,3
1062,看,3
1063,含,3
1064,圄,3
1065,柃,3
1066,恰,3
1067,麋,3
1068,苤,3
1069,颠,3
1070,噘,3
1071,铂,3
1072,泶,3
1073,惘,3
1074,齿,3
1075,封,3
1076,费,3
1077,烫,3
1078,聍,3
1079,镂,3
1080,悯,3
1081,柿,3
1082,钭,3
1083,雪,3
1084,积,3
1085,赌,3
1086,蹂,3
1087,慕,3
1088,塘,3
1089,廊,3
1090,挝,3
1091,孳,3
1092,到,3
1093,痪,3
1094,爰,3
1095,亥,3
1096,秘,3
1097,遍,3
1098,场,3
1099,程,3
1100,淬,3
1101,派,3
1102,俄,3
1103,软,3
1104,誉,3
1105,瑭,3
1106,现,3
1107,撙,3
1108,柬,3
1109,耥,3
1110,饵,3
1111,虿,3
1112,斑,3
1113,社,3
1114,凫,3
1115,镰,3
1116,帐,3
1117,薄,3
1118,试,3
1119,腠,3
1120,迥,3
1121,鳎,3
1122,联,3
1123,滓,3
1124,宓,3
1125,绗,3
1126,恼,3
1127,弢,3
1128,剞,3
1129,肺,3
1130,庭,3
1131,睾,3
1132,狈,3
1133,充,3
1134,斧,3
1135,鍾,3
1136,涠,3
1137,鳋,3
1138,凳,3
1139,朦,3
1140,躯,3
1141,氏,3
1142,犊,3
1143,郄,3
1144,气,3
1145,榱,3
1146,锶,3
1147,刍,3
1148,棵,3
1149,祺,3
1150,魑,3
1151,北,3
1152,嬉,3
1153,碎,3
1154,临,3
1155,庞,3
1156,后,3
1157,缜,3
1158,恪,3
1159,鄜,3
1160,忤,3
1161,铰,3
1162,齐,3
1163,沙,3
1164,付,3
1165,沩,3
1166,浚,3
1167,罴,3
1168,滔,3
1169,命,3
1170,霸,3
1171,绫,3
1172,证,3
1173,揩,3
1174,猫,3
1175,斛,3
1176,架,3
1177,剩,3
1178,邬,3
1179,珧,3
1180,骜,3
1181,露,3
1182,欤,3
1183,欢,3
1184,荣,3
1185,寨,3
1186,熘,3
1187,胡,3
1188,韩,3
1189,昶,3
1190,怅,3
1191,甑,3
1192,惜,3
1193,通,3
1194,愈,3
1195,圆,3
1196,恃,3
1197,鳞,3
1198,镶,3
1199,猃,3
1200,瘀,3
1201,蠃,3
1202,滦,3
1203,豉,3
1204,逸,3
1205,鞋,3
1206,梳,3
1207,藤,3
1208,阕,3
1209,揽,3
1210,正,3
1211,颊,3
1212,嘲,3
1213,寻,3
1214,禽,3
1215,畸,3
1216,皈,3
1217,划,3
1218,娆,3
1219,罟,3
1220,扳,3
1221,隋,3
1222,戳,3
1223,牲,3
1224,臁,3
1225,谢,3
1226,耽,3
1227,尤,3
1228,乾,3
1229,蒋,3
1230,黹,3
1231,鞣,3
1232,五,3
1233,铎,3
1234,耻,3
1235,沉,3
1236,论,3
1237,幽,3
1238,鸢,3
1239,漉,3
1240,庇,3
1241,燥,3
1242,类,3
1243,镩,3
1244,觫,3
1245,酬,3
1246,俘,3
1247,涟,3
1248,踟,3
1249,饫,3
1250,携,3
1251,禅,3
1252,涞,3
1253,魁,3
1254,顺,3
1255,迈,3
1256,椠,3
1257,藁,3
1258,璋,3
1259,嗜,3
1260,眚,3
1261,恸,3
1262,绦,3
1263,糠,3
1264,始,3
1265,盱,3
1266,儿,3
1267,硕,3
1268,柒,3
1269,鄱,3
1270,豺,3
1271,侵,3
1272,笋,3
1273,赂,3
1274,鼻,3
1275,搬,3
1276,讷,3
1277,弱,3
1278,羹,3
1279,熳,3
1280,笱,3
1281,叟,3
1282,囫,3
1283,舫,3
1284,额,3
1285,揶,3
1286,缌,3
1287,笛,3
1288,怂,3
1289,讵,3
1290,骐,3
1291,踺,3
1292,旄,3
1293,囗,3
1294,屑,3
1295,莹,3
1296,交,3
1297,令,3
1298,魍,3
1299,腩,3
1300,逗,3
1301,簇,3
1302,足,3
1303,请,3
1304,铪,3
1305,庥,3
1306,锋,3
1307,锛,3
1308,烦,3
1309,写,3
1310,帆,3
1311,鹀,3
1312,断,3
1313,乘,3
1314,睃,3
1315,楂,3
1316,垣,3
1317,跳,3
1318,袭,3
1319,仰,3
1320,听,3
1321,档,3
1322,中,3
1323,鲻,3
1324,乖,3
1325,孟,3
1326,彝,3
1327,暾,3
1328,烟,3
1329,氢,3
1330,芘,3
1331,传,3
1332,趄,3
1333,蘧,3
1334,且,3
1335,雒,3
1336,耄,3
1337,克,3
1338,醒,3
1339,谱,3
1340,劲,3
1341,硋,3
1342,搐,3
1343,鹆,3
1344,慨,3
1345,菁,3
1346,淖,3
1347,芝,3
1348,汞,3
1349,波,3
1350,清,3
1351,抉,3
1352,杳,3
1353,惰,3
1354,弨,3
1355,尧,3
1356,艰,3
1357,嬚,3
1358,囹,3
1359,悭,3
1360,檠,3
1361,邰,3
1362,轹,3
1363,槜,3
1364,夫,3
1365,该,3
1366,徭,3
1367,颍,3
1368,茨,3
1369,招,3
1370,缬,3
1371,瞢,3
1372,颟,3
1373,妄,3
1374,麑,3
1375,识,3
1376,箢,3
1377,饶,3
1378,娲,3
1379,仗,3
1380,郑,3
1381,阙,3
1382,碇,3
1383,遂,3
1384,毗,3
1385,脎,3
1386,啃,3
1387,瞻,3
1388,绀,3
1389,笨,3
1390,膑,3
1391,敲,3
1392,讨,3
1393,凭,3
1394,蒿,3
1395,荼,3
1396,柰,3
1397,征,3
1398,俊,3
1399,讼,3
1400,讠,3
1401,膏,3
1402,冀,3
1403,盖,3
1404,趋,3
1405,憝,3
1406,梢,3
1407,踉,3
1408,濉,3
1409,流,3
1410,牾,3
1411,阃,3
1412,倡,3
1413,鲺,3
1414,极,3
1415,斋,3
1416,蠲,3
1417,窈,3
1418,黝,3
1419,汾,3
1420,览,3
1421,手,3
1422,免,3
1423,洛,3
1424,翎,3
1425,书,3
1426,少,3
1427,事,3
1428,阋,3
1429,弍,3
1430,翳,3
1431,桅,3
1432,暏,3
1433,供,3
1434,妆,3
1435,炜,3
1436,鼫,3
1437,衅,3
1438,骤,3
1439,锲,3
1440,勠,3
1441,铘,3
1442,漆,3
1443,疼,3
1444,枝,3
1445,掠,3
1446,彖,3
1447,赡,3
1448,凯,3
1449,磺,3
1450,害,3
1451,堤,3
1452,稻,3
1453,茏,3
1454,蝶,3
1455,娀,3
1456,撮,3
1457,煎,3
1458,氵,3
1459,频,3
1460,醮,3
1461,态,3
1462,骁,3
1463,祸,3
1464,隐,3
1465,鹉,3
1466,太,3
1467,装,3
1468,傢,3
1469,曰,3
1470,属,3
1471,缲,3
1472,碉,3
1473,诙,3
1474,脬,3
1475,崔,3
1476,争,3
1477,戍,3
1478,粲,3
1479,坭,3
1480,鹟,3
1481,垫,3
1482,樘,3
1483,剪,3
1484,盈,3
1485,啄,3
1486,耆,3
1487,贵,3
1488,诚,3
1489,颁,3
1490,芩,3
1491,邹,3
1492,磁,3
1493,掾,3
1494,摅,3
1495,祠,3
1496,如,3
1497,拉,3
1498,兼,3
1499,廉,3
1500,签,3
1501,米,3
1502,英,3
1503,貌,3
1504,奚,3
1505,搪,3
1506,幻,3
1507,罗,3
1508,虮,3
1509,底,3
1510,偈,3
1511,氦,3
1512,词,3
1513,状,3
1514,遣,3
1515,辄,3
1516,劁,3
1517,癀,3
1518,鸱,3
1519,连,3
1520,化,3
1521,括,3
1522,哉,3
1523,癯,3
1524,贼,3
1525,亶,3
1526,椁,3
1527,查,3
1528,匀,3
1529,淇,3
1530,八,3
1531,段,3
1532,钞,3
1533,款,3
1534,棺,3
1535,襄,3
1536,雷,3
1537,寇,3
1538,磷,3
1539,铌,3
1540,挽,3
1541,玖,3
1542,谭,3
1543,缄,3
1544,椴,3
1545,崂,3
1546,嚷,3
1547,鳏,3
1548,杏,3
1549,藩,3
1550,津,3
1551,趵,3
1552,涵,3
1553,蝽,3
1554,砍,3
1555,竭,3
1556,赔,3
1557,鹜,3
1558,逼,3
1559,铬,3
1560,者,3
1561,怪,3
1562,样,3
1563,铤,3
1564,倚,3
1565,激,3
1566,彪,3
1567,榷,3
1568,庖,3
1569,楦,3
1570,环,3
1571,跹,3
1572,璇,3
1573,樽,3
1574,铿,3
1575,母,3
1576,膻,3
1577,溶,3
1578,题,3
1579,舰,3
1580,梁,3
1581,肱,3
1582,迎,3
1583,猖,3
1584,唤,3
1585,嘣,3
1586,饮,3
1587,鞫,3
1588,昱,3
1589,膦,3
1590,崎,3
1591,育,3
1592,伺,3
1593,彭,3
1594,瞎,3
1595,握,3
1596,俯,3
1597,杨,3
1598,筢,3
1599,庣,3
1600,熬,3
1601,菱,3
1602,铜,3
1603,橡,3
1604,觱,3
1605,长,3
1606,锓,3
1607,荫,3
1608,蒌,3
1609,姜,3
1610,郃,3
1611,岐,3
1612,血,3
1613,邃,3
1614,霹,3
1615,柮,3
1616,村,3
1617,皆,3
1618,兰,3
1619,炕,3
1620,殁,3
1621,狯,3
1622,摰,3
1623,愫,3
1624,茧,3
1625,岂,3
1626,螺,3
1627,减,3
1628,百,3
1629,贮,3
1630,暂,3
1631,信,3
1632,劳,3
1633,怠,3
1634,你,3
1635,忝,3
1636,眯,3
1637,裨,3
1638,量,3
1639,醇,3
1640,狡,3
1641,嗨,3
1642,坫,3
1643,昭,3
1644,厥,3
1645,箭,3
1646,藜,3
1647,铊,3
1648,愃,3
1649,舭,3
1650,觉,3
1651,饯,3
1652,铀,3
1653,蒡,3
1654,雀,3
1655,蠕,3
1656,雕,3
1657,兮,3
1658,索,3
1659,顿,3
1660,砣,3
1661,夹,3
1662,拱,3
1663,洁,3
1664,栩,3
1665,登,3
1666,萌,3
1667,圣,3
1668,鲋,3
1669,椿,3
1670,剖,3
1671,驰,3
1672,凄,3
1673,纴,3
1674,澡,3
1675,甚,3
1676,嗟,3
1677,浪,3
1678,庶,3
1679,毋,3
1680,彻,3
1681,蒈,3
1682,芈,3
1683,污,3
1684,榻,3
1685,缝,3
1686,淤,3
1687,闭,3
1688,徊,3
1689,辏,3
1690,巛,3
1691,铞,3
1692,叇,3
1693,睹,3
1694,烛,3
1695,苏,3
1696,苦,3
1697,绁,3
1698,燕,3
1699,陆,3
1700,易,3
1701,萤,3
1702,革,3
1703,轰,3
1704,郿,3
1705,金,3
1706,纸,3
1707,纵,3
1708,篱,3
1709,夔,3
1710,萦,3
1711,巢,3
1712,肤,3
1713,闩,3
1714,阌,3
1715,菌,3
1716,桨,3
1717,措,3
1718,柢,3
1719,寄,3
1720,私,3
1721,著,3
1722,截,3
1723,近,3
1724,鹑,3
1725,潋,3
1726,厕,3
1727,肿,3
1728,碘,3
1729,辘,3
1730,盲,3
1731,进,3
1732,徐,3
1733,烬,3
1734,熊,3
1735,瓿,3
1736,浑,3
1737,层,3
1738,扫,3
1739,下,3
1740,仝,3
1741,墙,3
1742,姿,3
1743,佗,3
1744,耖,3
1745,玉,3
1746,娇,3
1747,蓍,3
1748,眙,3
1749,伴,3
1750,沤,3
1751,膊,3
1752,珸,3
1753,跫,3
1754,惩,3
1755,杯,3
1756,富,3
1757,帼,3
1758,热,3
1759,髫,3
1760,晦,3
1761,狭,3
1762,秭,3
1763,牦,3
1764,瘕,3
1765,疵,3
1766,窸,3
1767,托,3
1768,鹊,3
1769,犯,3
1770,荧,3
1771,匿,3
1772,羊,3
1773,符,3
1774,已,3
1775,鍪,3
1776,辉,3
1777,双,3
1778,貂,3
1779,喜,3
1780,阿,3
1781,炎,3
1782,平,3
1783,螭,3
1784,赧,3
1785,锸,3
1786,妰,3
1787,宇,3
1788,缓,3
1789,刮,3
1790,籍,3
1791,岙,3
1792,瘢,3
1793,枰,3
1794,报,3
1795,河,3
1796,楺,3
1797,棋,3
1798,幼,3
1799,斟,3
1800,筒,3
1801,糨,3
1802,冒,3
1803,饲,3
1804,浬,3
1805,穷,3
1806,矶,3
1807,伍,3
1808,定,2
1809,陕,2
1810,这,2
1811,管,2
1812,校,2
1813,鹨,2
1814,悔,2
1815,畲,2
1816,果,2
1817,夷,2
1818,醍,2
1819,阏,2
1820,馏,2
1821,麈,2
1822,铆,2
1823,鳊,2
1824,重,2
1825,嚣,2
1826,藕,2
1827,菹,2
1828,朐,2
1829,跆,2
1830,瘼,2
1831,察,2
1832,镌,2
1833,苜,2
1834,蔷,2
1835,殂,2
1836,诬,2
1837,膪,2
1838,主,2
1839,么,2
1840,陶,2
1841,剜,2
1842,龟,2
1843,鼓,2
1844,妍,2
1845,巅,2
1846,袋,2
1847,焖,2
1848,穑,2
1849,笺,2
1850,羧,2
1851,房,2
1852,县,2
1853,媵,2
1854,和,2
1855,梆,2
1856,谴,2
1857,躐,2
1858,趟,2
1859,俅,2
1860,反,2
1861,陇,2
1862,岳,2
1863,石,2
1864,尜,2
1865,滴,2
1866,蹁,2
1867,纡,2
1868,击,2
1869,淑,2
1870,味,2
1871,啸,2
1872,贺,2
1873,沣,2
1874,咎,2
1875,枅,2
1876,婞,2
1877,漱,2
1878,晤,2
1879,苍,2
1880,除,2
1881,躅,2
1882,嫔,2
1883,叽,2
1884,冠,2
1885,鲶,2
1886,睎,2
1887,驳,2
1888,计,2
1889,啜,2
1890,翱,2
1891,硗,2
1892,猢,2
1893,刚,2
1894,蔡,2
1895,堆,2
1896,囊,2
1897,闼,2
1898,谛,2
1899,钡,2
1900,铩,2
1901,柺,2
1902,拮,2
1903,鄙,2
1904,璐,2
1905,虍,2
1906,跺,2
1907,嗣,2
1908,蓥,2
1909,枞,2
1910,沦,2
1911,庙,2
1912,蠢,2
1913,尘,2
1914,筚,2
1915,济,2
1916,毫,2
1917,缇,2
1918,次,2
1919,馁,2
1920,予,2
1921,冗,2
1922,痿,2
1923,轶,2
1924,氧,2
1925,渐,2
1926,操,2
1927,耧,2
1928,旨,2
1929,秉,2
1930,官,2
1931,疾,2
1932,烘,2
1933,虚,2
1934,异,2
1935,惔,2
1936,图,2
1937,鹅,2
1938,恿,2
1939,拭,2
1940,科,2
1941,便,2
1942,械,2
1943,稳,2
1944,榭,2
1945,筐,2
1946,莨,2
1947,腙,2
1948,阒,2
1949,匈,2
1950,姥,2
1951,粘,2
1952,喈,2
1953,黔,2
1954,浩,2
1955,羰,2
1956,诒,2
1957,澍,2
1958,要,2
1959,神,2
1960,殳,2
1961,警,2
1962,颂,2
1963,掉,2
1964,拇,2
1965,民,2
1966,沥,2
1967,鐩,2
1968,芒,2
1969,谥,2
1970,堵,2
1971,也,2
1972,霍,2
1973,坎,2
1974,巧,2
1975,饽,2
1976,晴,2
1977,汗,2
1978,帡,2
1979,绡,2
1980,咐,2
1981,缤,2
1982,珏,2
1983,吕,2
1984,毯,2
1985,卷,2
1986,土,2
1987,骗,2
1988,船,2
1989,茑,2
1990,乳,2
1991,削,2
1992,蝠,2
1993,襞,2
1994,粜,2
1995,亢,2
1996,丐,2
1997,扇,2
1998,抽,2
1999,肟,2
2000,族,2
2001,菔,2
2002,偬,2
2003,埋,2
2004,区,2
2005,鹫,2
2006,躺,2
2007,翅,2
2008,秫,2
2009,取,2
2010,舜,2
2011,伶,2
2012,撬,2
2013,刘,2
2014,蓑,2
2015,圈,2
2016,骸,2
2017,旁,2
2018,才,2
2019,蕾,2
2020,氕,2
2021,叮,2
2022,泯,2
2023,泺,2
2024,良,2
2025,寮,2
2026,呖,2
2027,钎,2
2028,猎,2
2029,硖,2
2030,役,2
2031,睑,2
2032,灬,2
2033,泅,2
2034,臧,2
2035,规,2
2036,吗,2
2037,普,2
2038,阵,2
2039,箱,2
2040,娟,2
2041,版,2
2042,监,2
2043,贿,2
2044,盼,2
2045,綮,2
2046,硚,2
2047,谨,2
2048,暹,2
2049,銎,2
2050,奉,2
2051,烹,2
2052,危,2
2053,歼,2
2054,鄞,2
2055,塔,2
2056,糍,2
2057,钲,2
2058,贶,2
2059,亦,2
2060,溧,2
2061,随,2
2062,喏,2
2063,刭,2
2064,脯,2
2065,苇,2
2066,致,2
2067,赭,2
2068,锗,2
2069,原,2
2070,敝,2
2071,帻,2
2072,棕,2
2073,画,2
2074,催,2
2075,钟,2
2076,梦,2
2077,夕,2
2078,愀,2
2079,吲,2
2080,珐,2
2081,鲁,2
2082,铺,2
2083,龄,2
2084,滗,2
2085,菘,2
2086,咏,2
2087,乒,2
2088,觞,2
2089,腓,2
2090,跃,2
2091,钣,2
2092,拦,2
2093,收,2
2094,搠,2
2095,踩,2
2096,降,2
2097,厚,2
2098,勺,2
2099,鲸,2
2100,芸,2
2101,俽,2
2102,展,2
2103,协,2
2104,粒,2
2105,圭,2
2106,悰,2
2107,盉,2
2108,册,2
2109,卒,2
2110,螨,2
2111,援,2
2112,工,2
2113,抺,2
2114,醢,2
2115,举,2
2116,孺,2
2117,读,2
2118,伊,2
2119,佝,2
2120,劂,2
2121,佞,2
2122,弈,2
2123,夤,2
2124,苋,2
2125,测,2
2126,泪,2
2127,蟮,2
2128,缍,2
2129,沾,2
2130,末,2
2131,搞,2
2132,梵,2
2133,确,2
2134,匮,2
2135,镇,2
2136,佧,2
2137,粮,2
2138,侯,2
2139,坞,2
2140,牛,2
2141,纨,2
2142,瀵,2
2143,楫,2
2144,茚,2
2145,詹,2
2146,瀣,2
2147,崩,2
2148,圃,2
2149,赈,2
2150,茅,2
2151,戮,2
2152,售,2
2153,瑾,2
2154,努,2
2155,悍,2
2156,钺,2
2157,牧,2
2158,攒,2
2159,僧,2
2160,淦,2
2161,搔,2
2162,犒,2
2163,扩,2
2164,帷,2
2165,逝,2
2166,唏,2
2167,辔,2
2168,骓,2
2169,芦,2
2170,延,2
2171,束,2
2172,樊,2
2173,祆,2
2174,鄢,2
2175,璨,2
2176,齑,2
2177,需,2
2178,洲,2
2179,询,2
2180,维,2
2181,硪,2
2182,焉,2
2183,殒,2
2184,眭,2
2185,嘿,2
2186,瘙,2
2187,绉,2
2188,槌,2
2189,萨,2
2190,戥,2
2191,陌,2
2192,袷,2
2193,险,2
2194,厢,2
2195,鞍,2
2196,飒,2
2197,尾,2
2198,顷,2
2199,逃,2
2200,描,2
2201,揸,2
2202,辕,2
2203,雁,2
2204,栏,2
2205,军,2
2206,籴,2
2207,纷,2
2208,献,2
2209,隧,2
2210,花,2
2211,账,2
2212,硷,2
2213,吮,2
2214,捡,2
2215,饼,2
2216,囡,2
2217,笤,2
2218,螬,2
2219,低,2
2220,窟,2
2221,浦,2
2222,琥,2
2223,蛑,2
2224,鹦,2
2225,恚,2
2226,泓,2
2227,惴,2
2228,怏,2
2229,碍,2
2230,坜,2
2231,器,2
2232,设,2
2233,靺,2
2234,衡,2
2235,突,2
2236,睫,2
2237,改,2
2238,消,2
2239,拆,2
2240,讶,2
2241,锅,2
2242,暖,2
2243,坡,2
2244,踊,2
2245,窒,2
2246,鸷,2
2247,蜀,2
2248,瘤,2
2249,红,2
2250,噼,2
2251,乩,2
2252,淆,2
2253,律,2
2254,腈,2
2255,廒,2
2256,琮,2
2257,矣,2
2258,胶,2
2259,瘃,2
2260,框,2
2261,依,2
2262,但,2
2263,甫,2
2264,碧,2
2265,鲷,2
2266,淯,2
2267,瘠,2
2268,蛎,2
2269,蘸,2
2270,茂,2
2271,肌,2
2272,粉,2
2273,澹,2
2274,咂,2
2275,該,2
2276,帱,2
2277,粟,2
2278,舷,2
2279,珍,2
2280,咨,2
2281,线,2
2282,医,2
2283,桓,2
2284,痍,2
2285,麽,2
2286,般,2
2287,绎,2
2288,夙,2
2289,蜣,2
2290,昴,2
2291,玟,2
2292,羸,2
2293,越,2
2294,蛲,2
2295,贤,2
2296,酥,2
2297,赛,2
2298,执,2
2299,啮,2
2300,离,2
2301,亏,2
2302,递,2
2303,祖,2
2304,酆,2
2305,仆,2
2306,罐,2
2307,逵,2
2308,觋,2
2309,婊,2
2310,先,2
2311,另,2
2312,狃,2
2313,鹰,2
2314,敉,2
2315,叠,2
2316,獗,2
2317,庹,2
2318,霏,2
2319,昆,2
2320,鳓,2
2321,褛,2
2322,偃,2
2323,殿,2
2324,雳,2
2325,于,2
2326,探,2
2327,笆,2
2328,岨,2
2329,讧,2
2330,绽,2
2331,龌,2
2332,楮,2
2333,褶,2
2334,慌,2
2335,飓,2
2336,鲅,2
2337,琏,2
2338,谕,2
2339,侠,2
2340,伽,2
2341,隶,2
2342,挣,2
2343,团,2
2344,猕,2
2345,骈,2
2346,础,2
2347,妈,2
2348,绔,2
2349,欧,2
2350,袖,2
2351,具,2
2352,冉,2
2353,剀,2
2354,拂,2
2355,磕,2
2356,刷,2
2357,禀,2
2358,徂,2
2359,身,2
2360,哼,2
2361,狲,2
2362,守,2
2363,廷,2
2364,醯,2
2365,卦,2
2366,嶂,2
2367,舯,2
2368,踪,2
2369,刖,2
2370,荀,2
2371,遏,2
2372,入,2
2373,闬,2
2374,袈,2
2375,篾,2
2376,贞,2
2377,蠹,2
2378,晨,2
2379,酹,2
2380,超,2
2381,谆,2
2382,苑,2
2383,寤,2
2384,屯,2
2385,弥,2
2386,裕,2
2387,眄,2
2388,棣,2
2389,吁,2
2390,暧,2
2391,岵,2
2392,遘,2
2393,悱,2
2394,姘,2
2395,旺,2
2396,饴,2
2397,洚,2
2398,筲,2
2399,肋,2
2400,倜,2
2401,阊,2
2402,衍,2
2403,卵,2
2404,材,2
2405,雇,2
2406,厉,2
2407,茱,2
2408,澶,2
2409,嫒,2
2410,镣,2
2411,髯,2
2412,曩,2
2413,破,2
2414,腿,2
2415,玲,2
2416,刿,2
2417,腾,2
2418,绞,2
2419,埽,2
2420,裼,2
2421,删,2
2422,疤,2
2423,锑,2
2424,暌,2
2425,衙,2
2426,祛,2
2427,究,2
2428,栈,2
2429,拼,2
2430,嬖,2
2431,炭,2
2432,斯,2
2433,踽,2
2434,妹,2
2435,淸,2
2436,礁,2
2437,麇,2
2438,甏,2
2439,佐,2
2440,氮,2
2441,蝻,2
2442,建,2
2443,浙,2
2444,渠,2
2445,茹,2
2446,橥,2
2447,季,2
2448,怀,2
2449,润,2
2450,瞧,2
2451,旅,2
2452,铄,2
2453,媛,2
2454,绵,2
2455,啤,2
2456,拳,2
2457,霉,2
2458,讲,2
2459,标,2
2460,坑,2
2461,虻,2
2462,熙,2
2463,站,2
2464,桠,2
2465,狙,2
2466,誓,2
2467,蒉,2
2468,虔,2
2469,涍,2
2470,莘,2
2471,嗪,2
2472,渔,2
2473,怡,2
2474,奥,2
2475,袱,2
2476,鱲,2
2477,挚,2
2478,缺,2
2479,买,2
2480,翟,2
2481,嗽,2
2482,轪,2
2483,羁,2
2484,茳,2
2485,糁,2
2486,绅,2
2487,爵,2
2488,咴,2
2489,冽,2
2490,闳,2
2491,陂,2
2492,蔻,2
2493,裢,2
2494,擞,2
2495,橇,2
2496,龚,2
2497,栎,2
2498,脘,2
2499,锢,2
2500,艾,2
2501,抨,2
2502,券,2
2503,咸,2
2504,鎯,2
2505,帛,2
2506,钍,2
2507,浸,2
2508,篥,2
2509,犟,2
2510,腺,2
2511,鄂,2
2512,煋,2
2513,吖,2
2514,稱,2
2515,址,2
2516,棹,2
2517,洌,2
2518,龊,2
2519,濠,2
2520,恙,2
2521,谖,2
2522,织,2
2523,瀹,2
2524,鰤,2
2525,殛,2
2526,颛,2
2527,候,2
2528,荽,2
2529,榜,2
2530,茁,2
2531,膙,2
2532,鸾,2
2533,愦,2
2534,個,2
2535,妓,2
2536,卉,2
2537,咛,2
2538,冤,2
2539,膘,2
2540,泰,2
2541,狄,2
2542,歉,2
2543,挹,2
2544,楹,2
2545,跶,2
2546,时,2
2547,乞,2
2548,倍,2
2549,飔,2
2550,眦,2
2551,苃,2
2552,鹚,2
2553,姨,2
2554,烩,2
2555,匙,2
2556,傀,2
2557,朮,2
2558,统,2
2559,贝,2
2560,赐,2
2561,埴,2
2562,鳃,2
2563,瑚,2
2564,钰,2
2565,郭,2
2566,詈,2
2567,瀚,2
2568,吊,2
2569,屦,2
2570,养,2
2571,亨,2
2572,靈,2
2573,块,2
2574,验,2
2575,帔,2
2576,儋,2
2577,桷,2
2578,朔,2
2579,恝,2
2580,嵯,2
2581,岚,2
2582,捐,2
2583,撷,2
2584,瞤,2
2585,莸,2
2586,扼,2
2587,脩,2
2588,匡,2
2589,湛,2
2590,巩,2
2591,凈,2
2592,癥,2
2593,帮,2
2594,袅,2
2595,狐,2
2596,拔,2
2597,捅,2
2598,毵,2
2599,绍,2
2600,摆,2
2601,炯,2
2602,竽,2
2603,扯,2
2604,撕,2
2605,刁,2
2606,艇,2
2607,噬,2
2608,鬻,2
2609,卩,2
2610,畯,2
2611,祃,2
2612,姝,2
2613,硐,2
2614,捋,2
2615,素,2
2616,績,2
2617,蜕,2
2618,啡,2
2619,挂,2
2620,渌,2
2621,睦,2
2622,喛,2
2623,艄,2
2624,酗,2
2625,耱,2
2626,契,2
2627,萚,2
2628,裝,2
2629,谵,2
2630,申,2
2631,蟓,2
2632,籥,2
2633,囚,2
2634,梏,2
2635,稍,2
2636,祢,2
2637,呓,2
2638,缯,2
2639,褊,2
2640,斓,2
2641,莠,2
2642,麩,2
2643,墉,2
2644,敏,2
2645,兹,2
2646,研,2
2647,宀,2
2648,邑,2
2649,韵,2
2650,藦,2
2651,鸫,2
2652,笄,2
2653,揆,2
2654,躁,2
2655,乎,2
2656,蜃,2
2657,惪,2
2658,镕,2
2659,悉,2
2660,觏,2
2661,昀,2
2662,钏,2
2663,砖,2
2664,鲍,2
2665,窝,2
2666,碣,2
2667,獾,2
2668,镉,2
2669,郊,2
2670,浥,2
2671,潟,2
2672,纾,2
2673,仲,2
2674,弯,2
2675,诊,2
2676,螵,2
2677,谤,2
2678,峰,2
2679,漶,2
2680,斫,2
2681,浆,2
2682,特,2
2683,钙,2
2684,忒,2
2685,弁,2
2686,嘌,2
2687,矗,2
2688,闰,2
2689,奄,2
2690,遴,2
2691,邦,2
2692,岔,2
2693,犏,2
2694,铹,2
2695,锯,2
2696,杭,2
2697,檩,2
2698,益,2
2699,锈,2
2700,讥,2
2701,後,2
2702,堠,2
2703,铃,2
2704,谗,2
2705,阈,2
2706,埸,2
2707,傓,2
2708,刽,2
2709,诏,2
2710,趿,2
2711,嫘,2
2712,颙,2
2713,彀,2
2714,纟,2
2715,簟,2
2716,咚,2
2717,导,2
2718,鲇,2
2719,闷,2
2720,杪,2
2721,憔,2
2722,憙,2
2723,颖,2
2724,痢,2
2725,虎,2
2726,鱼,2
2727,往,2
2728,鹈,2
2729,萁,2
2730,舱,2
2731,锘,2
2732,檫,2
2733,菪,2
2734,岿,2
2735,娓,2
2736,骰,2
2737,铑,2
2738,疴,2
2739,靠,2
2740,蹯,2
2741,钥,2
2742,胭,2
2743,骑,2
2744,椋,2
2745,昌,2
2746,辶,2
2747,鲐,2
2748,蛐,2
2749,鸳,2
2750,豸,2
2751,湟,2
2752,患,2
2753,筥,2
2754,荇,2
2755,遄,2
2756,湎,2
2757,匣,2
2758,饹,2
2759,迫,2
2760,魃,2
2761,鄯,2
2762,俵,2
2763,逋,2
2764,湜,2
2765,苊,2
2766,嗉,2
2767,约,2
2768,笥,2
2769,捎,2
2770,蛩,2
2771,蜜,2
2772,卯,2
2773,丛,2
2774,本,2
2775,丙,2
2776,醵,2
2777,麓,2
2778,涓,2
2779,硼,2
2780,翘,2
2781,拒,2
2782,吉,2
2783,侬,2
2784,凋,2
2785,迮,2
2786,裰,2
2787,顼,2
2788,銮,2
2789,褥,2
2790,匏,2
2791,俟,2
2792,阄,2
2793,丸,2
2794,疙,2
2795,体,2
2796,撤,2
2797,豹,2
2798,剁,2
2799,瓯,2
2800,腄,2
2801,莪,2
2802,遭,2
2803,橼,2
2804,郓,2
2805,粼,2
2806,馅,2
2807,物,2
2808,煳,2
2809,耒,2
2810,郗,2
2811,韮,2
2812,哓,2
2813,苷,2
2814,廿,2
2815,龃,2
2816,鳜,2
2817,魆,2
2818,筋,2
2819,饣,2
2820,加,2
2821,柳,2
2822,傍,2
2823,贻,2
2824,婷,2
2825,耢,2
2826,丈,2
2827,众,2
2828,萆,2
2829,瘟,2
2830,墈,2
2831,尠,2
2832,臌,2
2833,椢,2
2834,怫,2
2835,酎,2
2836,柄,2
2837,帽,2
2838,菽,2
2839,钽,2
2840,欲,2
2841,晢,2
2842,怩,2
2843,杈,2
2844,责,2
2845,对,2
2846,苡,2
2847,漳,2
2848,況,2
2849,棰,2
2850,柙,2
2851,迸,2
2852,疳,2
2853,归,2
2854,鱽,2
2855,訲,2
2856,條,2
2857,噶,2
2858,氯,2
2859,届,2
2860,於,2
2861,舾,2
2862,恋,2
2863,霎,2
2864,髑,2
2865,佰,2
2866,呕,2
2867,毒,2
2868,篇,2
2869,訚,2
2870,糗,2
2871,桉,2
2872,噫,2
2873,庸,2
2874,狨,2
2875,乜,2
2876,仳,2
2877,钸,2
2878,呲,2
2879,莓,2
2880,笙,2
2881,略,2
2882,鸽,2
2883,舄,2
2884,褯,2
2885,卓,2
2886,璻,2
2887,福,2
2888,衿,2
2889,箝,2
2890,鞯,2
2891,脏,2
2892,函,2
2893,夠,2
2894,掷,2
2895,巯,2
2896,勹,2
2897,勰,2
2898,景,2
2899,由,2
2900,棠,2
2901,昉,2
2902,佛,2
2903,嵘,2
2904,鎮,2
2905,缅,2
2906,厦,2
2907,蜓,2
2908,縢,2
2909,鶱,2
2910,霖,2
2911,砦,2
2912,碳,2
2913,慈,2
2914,葚,2
2915,湿,2
2916,迂,2
2917,菝,2
2918,理,2
2919,泗,2
2920,猸,2
2921,朵,2
2922,劬,2
2923,禾,2
2924,油,2
2925,核,2
2926,磔,2
2927,腚,2
2928,鲒,2
2929,伉,2
2930,励,2
2931,鲞,2
2932,愚,2
2933,觊,2
2934,覆,2
2935,眉,2
2936,跬,2
2937,訾,2
2938,浓,2
2939,桄,2
2940,粝,2
2941,蜚,2
2942,跑,2
2943,嘧,2
2944,贡,2
2945,锟,2
2946,陨,2
2947,蝗,2
2948,技,2
2949,孽,2
2950,羽,2
2951,捕,2
2952,鲂,2
2953,熏,2
2954,壡,2
2955,姆,2
2956,颅,2
2957,瓌,2
2958,凉,2
2959,蚀,2
2960,按,2
2961,啯,2
2962,趺,2
2963,搀,2
2964,砸,2
2965,蓢,2
2966,蹰,2
2967,冬,2
2968,昃,2
2969,衄,2
2970,豆,2
2971,迟,2
2972,扶,2
2973,枭,2
2974,愿,2
2975,稿,2
2976,豪,2
2977,墨,2
2978,哗,2
2979,嫌,2
2980,霆,2
2981,筻,2
2982,鲣,2
2983,鲳,2
2984,翡,2
2985,苞,2
2986,谋,2
2987,癌,2
2988,乓,2
2989,泮,2
2990,慝,2
2991,用,2
2992,况,2
2993,鳇,2
2994,央,2
2995,眍,2
2996,妾,2
2997,鳌,2
2998,淝,2
2999,鑫,2
3000,糯,2
3001,爝,2
3002,班,2
3003,旃,2
3004,盐,2
3005,侍,2
3006,瓴,2
3007,宪,2
3008,呦,2
3009,癜,2
3010,锦,2
3011,纁,2
3012,倣,2
3013,缘,2
3014,业,2
3015,鄘,2
3016,庚,2
3017,菅,2
3018,褐,2
3019,醚,2
3020,艨,2
3021,裉,2
3022,冈,2
3023,吿,2
3024,坌,2
3025,钢,2
3026,羔,2
3027,颢,2
3028,垂,2
3029,伟,2
3030,香,2
3031,逢,2
3032,坂,2
3033,佳,2
3034,韂,2
3035,遁,2
3036,匦,2
3037,呣,2
3038,锆,2
3039,喉,2
3040,温,2
3041,溯,2
3042,详,2
3043,寥,2
3044,唱,2
3045,幡,2
3046,寂,2
3047,潲,2
3048,杂,2
3049,舒,2
3050,蛙,2
3051,横,2
3052,指,2
3053,蜒,2
3054,奕,2
3055,航,2
3056,被,2
3057,然,2
3058,隔,2
3059,晙,2
3060,珰,2
3061,缳,2
3062,绊,2
3063,榫,2
3064,蘖,2
3065,冷,2
3066,楊,2
3067,檀,2
3068,壕,2
3069,辜,2
3070,晒,2
3071,串,2
3072,宾,2
3073,淅,2
3074,枣,2
3075,西,2
3076,员,2
3077,狞,2
3078,摁,2
3079,遽,2
3080,坤,2
3081,貉,2
3082,锖,2
3083,疠,2
3084,浞,2
3085,嘤,2
3086,概,2
3087,颀,2
3088,鸪,2
3089,翰,2
3090,虞,2
3091,麦,2
3092,源,2
3093,囟,2
3094,嶷,2
3095,陛,2
3096,噌,2
3097,闪,2
3098,璁,2
3099,钵,2
3100,蛋,2
3101,迄,2
3102,焱,2
3103,吨,2
3104,嬗,2
3105,麒,2
3106,墅,2
3107,服,2
3108,粑,2
3109,硫,2
3110,墒,2
3111,蜊,2
3112,聱,2
3113,胪,2
3114,悃,2
3115,鹂,2
3116,氽,2
3117,诞,2
3118,粽,2
3119,笔,2
3120,椒,2
3121,缵,2
3122,幪,2
3123,斗,2
3124,奏,2
3125,穰,2
3126,诋,2
3127,矿,2
3128,魂,2
3129,疰,2
3130,健,2
3131,浇,2
3132,制,2
3133,栊,2
3134,绲,2
3135,钦,2
3136,巉,2
3137,弼,2
3138,瑷,2
3139,琉,2
3140,卫,2
3141,参,2
3142,坶,2
3143,臑,2
3144,摩,2
3145,疬,2
3146,芾,2
3147,瞌,2
3148,染,2
3149,苹,2
3150,怎,2
3151,阉,2
3152,葑,2
3153,烀,2
3154,卤,2
3155,扪,2
3156,扉,2
3157,尸,2
3158,菰,2
3159,铲,2
3160,溴,2
3161,皎,2
3162,顸,2
3163,淼,2
3164,宵,2
3165,凿,2
3166,拙,2
3167,襁,2
3168,皖,2
3169,毪,2
3170,锁,2
3171,菊,2
3172,萧,2
3173,阮,2
3174,垃,2
3175,晷,2
3176,嘡,2
3177,嚼,2
3178,卟,2
3179,绛,2
3180,剽,2
3181,绒,2
3182,赦,2
3183,顶,2
3184,防,2
3185,翠,2
3186,葫,2
3187,榇,2
3188,嘘,2
3189,机,2
3190,泄,2
3191,膈,2
3192,四,2
3193,劢,2
3194,仙,2
3195,宝,2
3196,綦,2
3197,精,2
3198,開,2
3199,砂,2
3200,违,2
3201,砩,2
3202,媃,2
3203,滋,2
3204,枚,2
3205,伥,2
3206,氨,2
3207,疔,2
3208,搦,2
3209,辽,2
3210,砉,2
3211,番,2
3212,敫,2
3213,棱,2
3214,訇,2
3215,电,2
3216,烂,2
3217,妤,2
3218,芋,2
3219,丕,2
3220,薷,2
3221,目,2
3222,闵,2
3223,胆,2
3224,总,2
3225,着,2
3226,篓,2
3227,省,2
3228,畚,2
3229,脂,2
3230,摇,2
3231,囧,2
3232,孀,2
3233,稗,2
3234,觐,2
3235,峡,2
3236,胺,2
3237,疯,2
3238,叙,2
3239,汴,2
3240,钳,2
3241,垙,2
3242,瞬,2
3243,囿,2
3244,詟,2
3245,媸,2
3246,狩,2
3247,旬,2
3248,陎,2
3249,色,2
3250,捺,2
3251,萘,2
3252,鸭,2
3253,耶,2
3254,斤,2
3255,锂,2
3256,橱,2
3257,启,2
3258,阐,2
3259,垒,2
3260,襻,2
3261,檄,2
3262,抟,2
3263,穴,2
3264,犭,2
3265,拽,2
3266,佩,2
3267,蕈,2
3268,门,2
3269,钆,2
3270,应,2
3271,翊,2
3272,橄,2
3273,缪,2
3274,掐,2
3275,庐,2
3276,芫,2
3277,揠,2
3278,赍,2
3279,第,2
3280,婚,2
3281,腧,2
3282,颐,2
3283,黢,2
3284,簕,2
3285,邸,2
3286,鲥,2
3287,馄,2
3288,丽,2
3289,耙,2
3290,莜,2
3291,郪,2
3292,琰,2
3293,闿,2
3294,鰲,2
3295,做,2
3296,馒,2
3297,蟹,2
3298,攫,2
3299,郇,2
3300,閔,2
3301,竘,2
3302,路,2
3303,默,2
3304,推,2
3305,錤,2
3306,蛾,2
3307,左,2
3308,尺,2
3309,茔,2
3310,堞,2
3311,娼,2
3312,箦,2
3313,郝,2
3314,跷,2
3315,棐,2
3316,鹒,2
3317,蚋,2
3318,港,2
3319,滠,2
3320,砮,2
3321,黴,2
3322,观,2
3323,锝,2
3324,驽,2
3325,梭,2
3326,喊,2
3327,挲,2
3328,踌,2
3329,洵,2
3330,彦,2
3331,畦,2
3332,撄,2
3333,溦,2
3334,秩,2
3335,穿,2
3336,羑,2
3337,倮,2
3338,筷,2
3339,赝,2
3340,腐,2
3341,差,2
3342,謦,2
3343,勐,2
3344,荻,2
3345,沽,2
3346,嘏,2
3347,榀,2
3348,肥,2
3349,磉,2
3350,龠,2
3351,酢,2
3352,葡,2
3353,汪,2
3354,掛,2
3355,醭,2
3356,麾,2
3357,纭,2
3358,窭,2
3359,篪,2
3360,棨,2
3361,箧,2
3362,瞽,2
3363,悦,2
3364,飾,2
3365,庆,2
3366,痞,2
3367,惨,2
3368,缧,2
3369,闉,2
3370,纪,2
3371,伯,2
3372,佻,2
3373,啻,2
3374,分,2
3375,放,2
3376,邒,2
3377,镳,2
3378,彰,2
3379,瓦,2
3380,抗,2
3381,啼,2
3382,痛,2
3383,儇,2
3384,璪,2
3385,燏,1
3386,旿,1
3387,滉,1
3388,佟,1
3389,婍,1
3390,球,1
3391,榖,1
3392,薬,1
3393,緻,1
3394,引,1
3395,鸻,1
3396,肩,1
3397,亞,1
3398,篊,1
3399,剅,1
3400,涴,1
3401,备,1
3402,瑙,1
3403,锽,1
3404,搵,1
3405,灭,1
3406,惭,1
3407,垚,1
3408,喹,1
3409,篕,1
3410,佸,1
3411,慥,1
3412,耳,1
3413,谑,1
3414,錋,1
3415,惶,1
3416,挨,1
3417,邱,1
3418,钿,1
3419,缈,1
3420,妘,1
3421,杵,1
3422,洮,1
3423,愐,1
3424,忐,1
3425,蚄,1
3426,湃,1
3427,構,1
3428,兴,1
3429,蓀,1
3430,胫,1
3431,昧,1
3432,崃,1
3433,棓,1
3434,肛,1
3435,硎,1
3436,委,1
3437,糒,1
3438,蹜,1
3439,辀,1
3440,潐,1
3441,骍,1
3442,桖,1
3443,毎,1
3444,艻,1
3445,铼,1
3446,竫,1
3447,爺,1
3448,檵,1
3449,罽,1
3450,挓,1
3451,珣,1
3452,騵,1
3453,肭,1
3454,磡,1
3455,荓,1
3456,余,1
3457,兩,1
3458,脆,1
3459,沺,1
3460,炁,1
3461,蝌,1
3462,笫,1
3463,薸,1
3464,岸,1
3465,蒨,1
3466,黜,1
3467,収,1
3468,铭,1
3469,艿,1
3470,醛,1
3471,炒,1
3472,锍,1
3473,邠,1
3474,耇,1
3475,淳,1
3476,灨,1
3477,氿,1
3478,門,1
3479,悆,1
3480,擎,1
3481,怔,1
3482,滃,1
3483,洏,1
3484,埫,1
3485,垾,1
3486,砚,1
3487,摖,1
3488,領,1
3489,笈,1
3490,燉,1
3491,給,1
3492,書,1
3493,折,1
3494,攘,1
3495,鋐,1
3496,悛,1
3497,孬,1
3498,叿,1
3499,擅,1
3500,限,1
3501,宽,1
3502,调,1
3503,張,1
3504,讽,1
3505,鷭,1
3506,垺,1
3507,邡,1
3508,満,1
3509,晗,1
3510,螣,1
3511,怍,1
3512,博,1
3513,蛀,1
3514,哀,1
3515,脓,1
3516,钚,1
3517,讱,1
3518,萣,1
3519,軏,1
3520,亍,1
3521,惺,1
3522,鞳,1
3523,咇,1
3524,熨,1
3525,妳,1
3526,龍,1
3527,芑,1
3528,奶,1
3529,渗,1
3530,彡,1
3531,軝,1
3532,頵,1
3533,珃,1
3534,彘,1
3535,鹭,1
3536,峦,1
3537,癣,1
3538,髽,1
3539,赁,1
3540,辛,1
3541,誤,1
3542,伤,1
3543,缀,1
3544,鶭,1
3545,摞,1
3546,稙,1
3547,盤,1
3548,领,1
3549,骖,1
3550,抵,1
3551,宅,1
3552,射,1
3553,许,1
3554,蹇,1
3555,峤,1
3556,纩,1
3557,壳,1
3558,认,1
3559,挥,1
3560,欷,1
3561,戋,1
3562,酃,1
3563,别,1
3564,鲎,1
3565,蹉,1
3566,茺,1
3567,剧,1
3568,燋,1
3569,敢,1
3570,岽,1
3571,埼,1
3572,鲴,1
3573,喧,1
3574,啕,1
3575,烝,1
3576,俺,1
3577,妻,1
3578,煅,1
3579,荭,1
3580,壹,1
3581,邝,1
3582,硍,1
3583,漫,1
3584,呶,1
3585,嬷,1
3586,踵,1
3587,姹,1
3588,倭,1
3589,魉,1
3590,縯,1
3591,誼,1
3592,梜,1
3593,珥,1
3594,硠,1
3595,傅,1
3596,鞧,1
3597,沈,1
3598,茎,1
3599,畬,1
3600,屉,1
3601,洸,1
3602,品,1
3603,蕞,1
3604,什,1
3605,澈,1
3606,骷,1
3607,咖,1
3608,亩,1
3609,濡,1
3610,頔,1
3611,鳄,1
3612,斉,1
3613,节,1
3614,雉,1
3615,蔓,1
3616,咙,1
3617,猥,1
3618,骄,1
3619,琟,1
3620,酌,1
3621,肮,1
3622,订,1
3623,锥,1
3624,氅,1
3625,蕙,1
3626,熱,1
3627,懒,1
3628,亾,1
3629,鉊,1
3630,觜,1
3631,茴,1
3632,怆,1
3633,焙,1
3634,硝,1
3635,酿,1
3636,贯,1
3637,桢,1
3638,栌,1
3639,琪,1
3640,颉,1
3641,假,1
3642,淌,1
3643,嗎,1
3644,晏,1
3645,殪,1
3646,蛴,1
3647,馆,1
3648,泠,1
3649,涌,1
3650,膺,1
3651,蔚,1
3652,床,1
3653,叛,1
3654,璟,1
3655,纫,1
3656,酩,1
3657,抖,1
3658,哆,1
3659,诀,1
3660,澪,1
3661,诿,1
3662,捷,1
3663,醌,1
3664,仍,1
3665,购,1
3666,偶,1
3667,型,1
3668,瘆,1
3669,聘,1
3670,睡,1
3671,妃,1
3672,沏,1
3673,绰,1
3674,扃,1
3675,市,1
3676,耠,1
3677,资,1
3678,傻,1
3679,驎,1
3680,桁,1
3681,崆,1
3682,蜉,1
3683,乇,1
3684,璠,1
3685,癫,1
3686,觷,1
3687,霁,1
3688,吻,1
3689,弆,1
3690,屽,1
3691,虹,1
3692,舔,1
3693,吐,1
3694,幀,1
3695,聊,1
3696,荳,1
3697,茄,1
3698,蛉,1
3699,庵,1
3700,呗,1
3701,啧,1
3702,喔,1
3703,孱,1
3704,艹,1
3705,筵,1
3706,窬,1
3707,猬,1
3708,悚,1
3709,梧,1
3710,拧,1
3711,嗄,1
3712,莞,1
3713,艉,1
3714,堪,1
3715,诶,1
3716,忧,1
3717,溠,1
3718,膣,1
3719,达,1
3720,嘱,1
3721,吙,1
3722,旌,1
3723,再,1
3724,蛇,1
3725,把,1
3726,鴉,1
3727,杄,1
3728,飖,1
3729,焊,1
3730,讦,1
3731,褡,1
3732,狱,1
3733,胄,1
3734,溟,1
3735,傉,1
3736,黇,1
3737,敦,1
3738,脲,1
3739,啥,1
3740,怼,1
3741,述,1
3742,単,1
3743,蹩,1
3744,泼,1
3745,擐,1
3746,砜,1
3747,靚,1
3748,载,1
3749,渫,1
3750,殍,1
3751,轨,1
3752,恹,1
3753,咱,1
3754,瞪,1
3755,缮,1
3756,钤,1
3757,泽,1
3758,炆,1
3759,崦,1
3760,爻,1
3761,尛,1
3762,颤,1
3763,嫜,1
3764,套,1
3765,埵,1
3766,髙,1
3767,笣,1
3768,晞,1
3769,喝,1
3770,阽,1
3771,呐,1
3772,蓏,1
3773,枳,1
3774,汊,1
3775,妞,1
3776,鳝,1
3777,个,1
3778,镖,1
3779,舛,1
3780,専,1
3781,珠,1
3782,皞,1
3783,骛,1
3784,埯,1
3785,薤,1
3786,绸,1
3787,缏,1
3788,毬,1
3789,氙,1
3790,酾,1
3791,兑,1
3792,凑,1
3793,寁,1
3794,卄,1
3795,叱,1
3796,猱,1
3797,汝,1
3798,沱,1
3799,佣,1
3800,疐,1
3801,梿,1
3802,蚧,1
3803,蒟,1
3804,澭,1
3805,帯,1
3806,蚳,1
3807,苗,1
3808,阗,1
3809,釉,1
3810,圮,1
3811,枘,1
3812,鶠,1
3813,她,1
3814,法,1
3815,瓖,1
3816,薨,1
3817,圊,1
3818,鼢,1
3819,鹱,1
3820,坷,1
3821,荸,1
3822,傥,1
3823,嘀,1
3824,尚,1
3825,耘,1
3826,勚,1
3827,蔹,1
3828,鳁,1
3829,抄,1
3830,尉,1
3831,够,1
3832,菂,1
3833,罡,1
3834,尕,1
3835,译,1
3836,辋,1
3837,嚢,1
3838,妙,1
3839,稜,1
3840,洎,1
3841,孝,1
3842,镫,1
3843,掰,1
3844,蔘,1
3845,髂,1
3846,襟,1
3847,卧,1
3848,萩,1
3849,敛,1
3850,滟,1
3851,黾,1
3852,蕉,1
3853,嫠,1
3854,氚,1
3855,邻,1
3856,掌,1
3857,驯,1
3858,锰,1
3859,卞,1
3860,唰,1
3861,涫,1
3862,適,1
3863,走,1
3864,宠,1
3865,胍,1
3866,锒,1
3867,鸰,1
3868,淩,1
3869,像,1
3870,绘,1
3871,恽,1
3872,柏,1
3873,晫,1
3874,呻,1
3875,羲,1
3876,螈,1
3877,篁,1
3878,纺,1
3879,峯,1
3880,哂,1
3881,葺,1
3882,啘,1
3883,腼,1
3884,镬,1
3885,瘐,1
3886,慱,1
3887,嶅,1
3888,嘭,1
3889,柘,1
3890,哐,1
3891,仁,1
3892,藴,1
3893,陀,1
3894,桴,1
3895,宋,1
3896,炉,1
3897,綜,1
3898,颥,1
3899,阡,1
3900,莰,1
3901,浔,1
3902,控,1
3903,迳,1
3904,附,1
3905,赋,1
3906,衽,1
3907,篯,1
3908,茈,1
3909,兌,1
3910,隺,1
3911,辌,1
3912,肾,1
3913,糙,1
3914,埕,1
3915,沕,1
3916,择,1
3917,舸,1
3918,叉,1
3919,茫,1
3920,泊,1
3921,戡,1
3922,犴,1
3923,榘,1
3924,曈,1
3925,熵,1
3926,佯,1
3927,叆,1
3928,的,1
3929,嗔,1
3930,锺,1
3931,梼,1
3932,樨,1
3933,婶,1
3934,吒,1
3935,蠡,1
3936,渺,1
3937,暑,1
3938,煸,1
3939,牟,1
3940,脞,1
3941,汐,1
3942,艺,1
3943,啐,1
3944,董,1
3945,髓,1
3946,诃,1
3947,觚,1
3948,屠,1
3949,铷,1
3950,毁,1
3951,缭,1
3952,瞑,1
3953,踔,1
3954,锩,1
3955,祁,1
3956,卸,1
3957,垸,1
3958,牖,1
3959,翼,1
3960,瘘,1
3961,罘,1
3962,挡,1
3963,悼,1
3964,磙,1
3965,溜,1
3966,屺,1
3967,荮,1
3968,腮,1
3969,錭,1
3970,筤,1
3971,崒,1
3972,贇,1
3973,暗,1
3974,拷,1
3975,痰,1
3976,螗,1
3977,跚,1
3978,嬣,1
3979,炔,1
3980,缚,1
3981,傩,1
3982,眺,1
3983,愕,1
3984,敖,1
3985,掩,1
3986,鹕,1
3987,梃,1
3988,赶,1
3989,楞,1
3990,鹋,1
3991,兽,1
3992,茉,1
3993,臀,1
3994,竹,1
3995,編,1
3996,邕,1
3997,搡,1
3998,钖,1
3999,邮,1
4000,耀,1
4001,奖,1
4002,糪,1
4003,碓,1
4004,侃,1
4005,优,1
4006,滎,1
4007,玕,1
4008,増,1
4009,呆,1
4010,圙,1
4011,萓,1
4012,糅,1
4013,湍,1
4014,馗,1
4015,志,1
4016,垇,1
4017,哌,1
4018,輯,1
4019,俣,1
4020,嘬,1
4021,橪,1
4022,瘅,1
4023,弘,1
4024,瓘,1
4025,磅,1
4026,补,1
4027,氡,1
4028,愆,1
4029,黼,1
4030,讫,1
4031,屎,1
4032,筇,1
4033,痣,1
4034,枧,1
4035,抬,1
4036,姶,1
4037,悖,1
4038,谰,1
4039,泖,1
4040,窅,1
4041,兀,1
4042,唛,1
4043,霪,1
4044,勖,1
4045,熻,1
4046,蓟,1
4047,奴,1
4048,钮,1
4049,痧,1
4050,胙,1
4051,澎,1
4052,楔,1
4053,滑,1
4054,茛,1
4055,毅,1
4056,偌,1
4057,镚,1
4058,铈,1
4059,谘,1
4060,砱,1
4061,利,1
4062,幺,1
4063,悗,1
4064,沟,1
4065,趼,1
4066,褙,1
4067,峥,1
4068,镠,1
4069,萄,1
4070,氲,1
4071,掀,1
4072,酶,1
4073,紅,1
4074,啵,1
4075,瘊,1
4076,构,1
4077,冼,1
4078,黻,1
4079,裴,1
4080,嫱,1
4081,醨,1
4082,忑,1
4083,戽,1
4084,晃,1
4085,鲑,1
4086,诮,1
4087,藿,1
4088,栲,1
4089,躜,1
4090,赞,1
4091,渑,1
4092,犷,1
4093,娑,1
4094,铨,1
4095,包,1
4096,存,1
4097,栅,1
4098,保,1
4099,垭,1
4100,昻,1
4101,鍙,1
4102,嚥,1
4103,绺,1
4104,潆,1
4105,岱,1
4106,脐,1
4107,芭,1
4108,缗,1
4109,韧,1
4110,刻,1
4111,屈,1
4112,矍,1
4113,呃,1
4114,鼯,1
4115,骀,1
4116,頴,1
4117,燔,1
4118,奁,1
4119,铫,1
4120,媳,1
4121,矛,1
4122,甥,1
4123,茆,1
4124,芪,1
4125,赳,1
4126,办,1
4127,鞠,1
4128,卢,1
4129,骊,1
4130,匕,1
4131,仃,1
4132,肝,1
4133,咝,1
4134,詠,1
4135,舣,1
4136,关,1
4137,翕,1
4138,芯,1
4139,嗬,1
4140,谮,1
4141,髹,1
4142,呉,1
4143,僰,1
4144,谍,1
4145,琎,1
4146,蚴,1
4147,髭,1
4148,步,1
4149,曌,1
4150,絷,1
4151,桤,1
4152,钾,1
4153,骧,1
4154,倨,1
4155,诘,1
4156,格,1
4157,氘,1
4158,鱀,1
4159,碰,1
4160,扛,1
4161,跌,1
4162,施,1
4163,戚,1
4164,琅,1
4165,鮠,1
4166,爹,1
4167,毳,1
4168,掊,1
4169,桌,1
4170,弑,1
4171,蜞,1
4172,黃,1
4173,缶,1
4174,搁,1
4175,袍,1
4176,秕,1
4177,互,1
4178,轻,1
4179,琨,1
4180,蜱,1
4181,鸹,1
4182,提,1
4183,揿,1
4184,崧,1
4185,旸,1
4186,跩,1
4187,纶,1
4188,蚪,1
4189,簌,1
4190,醐,1
4191,狎,1
4192,殄,1
4193,埝,1
4194,宁,1
4195,麴,1
4196,漾,1
4197,濑,1
4198,嗫,1
4199,阻,1
4200,兕,1
4201,焰,1
4202,氖,1
4203,褚,1
4204,箜,1
4205,郫,1
4206,摒,1
4207,莩,1
4208,罄,1
4209,沃,1
4210,踹,1
4211,殓,1
4212,溱,1
4213,薯,1
4214,瓠,1
4215,驺,1
4216,匝,1
4217,忆,1
4218,魅,1
4219,鎏,1
4220,窀,1
4221,瞠,1
4222,邢,1
4223,劫,1
4224,崌,1
4225,瑰,1
4226,栒,1
4227,镲,1
4228,宛,1
4229,珞,1
4230,睚,1
4231,饩,1
4232,瘭,1
4233,前,1
4234,阶,1
4235,忌,1
4236,敬,1
4237,鹬,1
4238,镦,1
4239,滨,1
4240,疟,1
4241,亚,1
4242,敞,1
4243,嚏,1
4244,憧,1
4245,疆,1
4246,蚓,1
4247,锧,1
4248,衰,1
4249,缠,1
4250,恒,1
4251,辇,1
4252,惧,1
4253,囱,1
4254,炊,1
4255,妣,1
4256,羡,1
4257,郁,1
4258,惋,1
4259,镙,1
4260,觭,1
4261,揰,1
4262,髦,1
4263,齯,1
4264,摹,1
4265,埦,1
4266,苒,1
4267,檬,1
4268,夸,1
4269,编,1
4270,鼍,1
4271,莙,1
4272,毌,1
4273,遊,1
4274,蚵,1
4275,逐,1
4276,幂,1
4277,癓,1
4278,們,1
4279,浒,1
4280,虺,1
4281,韪,1
4282,瘳,1
4283,筶,1
4284,紘,1
4285,翃,1
4286,蔟,1
4287,宬,1
4288,巡,1
4289,潢,1
4290,匆,1
4291,竺,1
4292,徙,1
4293,邛,1
4294,谂,1
4295,炼,1
4296,喾,1
4297,喷,1
4298,騄,1
4299,飙,1
4300,趸,1
4301,蕴,1
4302,離,1
4303,侏,1
4304,稔,1
4305,们,1
4306,鵟,1
4307,伞,1
4308,槚,1
4309,骏,1
4310,赇,1
4311,锴,1
4312,欂,1
4313,鹲,1
4314,溣,1
4315,艮,1
4316,倬,1
4317,肄,1
4318,铦,1
4319,讳,1
4320,淀,1
4321,籣,1
4322,漩,1
4323,無,1
4324,冏,1
4325,拖,1
4326,鞔,1
4327,诳,1
4328,纠,1
4329,娃,1
4330,境,1
4331,皲,1
4332,吼,1
4333,落,1
4334,蜍,1
4335,浯,1
4336,秨,1
4337,僮,1
4338,丝,1
4339,蛛,1
4340,娘,1
4341,箴,1
4342,傈,1
4343,涡,1
4344,鉄,1
4345,咔,1
4346,腒,1
4347,呙,1
4348,伎,1
4349,醺,1
4350,噎,1
4351,愤,1
4352,丟,1
4353,圹,1
4354,葩,1
4355,仅,1
4356,显,1
4357,颔,1
4358,谇,1
4359,璧,1
4360,蕃,1
4361,遢,1
4362,轮,1
4363,旯,1
4364,嗅,1
4365,爸,1
4366,眷,1
4367,擗,1
4368,浃,1
4369,浊,1
4370,饱,1
4371,丧,1
4372,町,1
4373,颦,1
4374,赖,1
4375,蚜,1
4376,勔,1
4377,俱,1
4378,裱,1
4379,猴,1
4380,魄,1
4381,埆,1
4382,谌,1
4383,廓,1
4384,桦,1
4385,脊,1
4386,燹,1
4387,蟒,1
4388,砺,1
4389,珘,1
4390,郧,1
4391,戗,1
4392,粥,1
4393,徨,1
4394,漯,1
4395,欺,1
4396,渼,1
4397,昣,1
4398,砷,1
4399,拌,1
4400,胲,1
4401,揪,1
4402,濮,1
4403,韭,1
4404,嚚,1
4405,埩,1
4406,艞,1
4407,秤,1
4408,肫,1
4409,嫚,1
4410,鳠,1
4411,倔,1
4412,溻,1
4413,錦,1
4414,训,1
4415,撩,1
4416,菲,1
4417,钶,1
4418,壸,1
4419,皙,1
4420,鏏,1
4421,鳚,1
4422,垵,1
4423,僦,1
4424,眝,1
4425,胃,1
4426,芹,1
4427,惎,1
4428,盯,1
4429,蘭,1
4430,虾,1
4431,鲨,1
4432,婴,1
4433,排,1
4434,蟪,1
4435,艏,1
4436,趯,1
4437,胖,1
4438,蔫,1
4439,拶,1
4440,蓣,1
4441,睥,1
4442,称,1
4443,羥,1
4444,寧,1
4445,曽,1
4446,剿,1
4447,酐,1
4448,鳐,1
4449,墩,1
4450,晛,1
4451,讴,1
4452,哱,1
4453,發,1
4454,垲,1
4455,鐍,1
4456,榧,1
4457,京,1
4458,姐,1
4459,铐,1
4460,症,1
4461,郦,1
4462,袆,1
4463,剑,1
4464,承,1
4465,凱,1
4466,锬,1
4467,踱,1
4468,赕,1
4469,珊,1
4470,鸲,1
4471,腭,1
4472,蚍,1
4473,夥,1
4474,斌,1
4475,组,1
4476,瓣,1
4477,弹,1
4478,鑷,1
4479,蜥,1
4480,炙,1
4481,鳅,1
4482,屮,1
4483,箕,1
4484,恫,1
4485,镥,1
4486,碚,1
4487,嵚,1
4488,痖,1
4489,戩,1
4490,萬,1
4491,圢,1
4492,魔,1
4493,翚,1
4494,悬,1
4495,飑,1
4496,潵,1
4497,寐,1
4498,啬,1
4499,镞,1
4500,箍,1
4501,谏,1
4502,砬,1
4503,虢,1
4504,避,1
4505,媓,1
4506,巨,1
4507,贰,1
4508,受,1
4509,鳉,1
4510,烙,1
4511,吡,1
4512,罶,1
4513,镃,1
4514,踶,1
4515,翥,1
4516,幖,1
4517,烽,1
4518,戈,1
4519,詢,1
4520,铗,1
4521,趣,1
4522,忸,1
4523,飧,1
4524,釐,1
4525,甯,1
4526,基,1
4527,诡,1
4528,瑶,1
4529,煮,1
4530,杉,1
4531,峻,1
4532,士,1
4533,爱,1
4534,這,1
4535,磘,1
4536,亻,1
4537,犾,1
4538,嫄,1
4539,鐥,1
4540,睇,1
4541,缡,1
4542,项,1
4543,螅,1
4544,磴,1
4545,舡,1
4546,獴,1
4547,桀,1
4548,甁,1
4549,瑪,1
4550,疢,1
4551,瞟,1
4552,咄,1
4553,媒,1
4554,禁,1
4555,蹍,1
4556,瘗,1
4557,圬,1
4558,厩,1
4559,灣,1
4560,跖,1
4561,鬷,1
4562,饨,1
4563,倌,1
4564,駺,1
4565,裥,1
4566,爬,1
4567,犍,1
4568,蚊,1
4569,尢,1
4570,郾,1
4571,舅,1
4572,嫦,1
4573,嗌,1
4574,垆,1
4575,停,1
4576,烁,1
4577,譞,1
4578,騰,1
4579,嵩,1
4580,胈,1
4581,垄,1
4582,诈,1
4583,桔,1
4584,馈,1
4585,堼,1
4586,袒,1
4587,鲪,1
4588,鴻,1
4589,褓,1
4590,貅,1
4591,嬥,1
4592,髃,1
4593,慶,1
4594,劼,1
4595,啦,1
4596,螽,1
4597,诎,1
4598,鹌,1
4599,烊,1
4600,組,1
4601,嫩,1
4602,史,1
4603,悫,1
4604,祕,1
4605,灈,1
4606,橘,1
4607,娌,1
4608,罍,1
4609,暐,1
4610,閲,1
4611,舁,1
4612,商,1
4613,鮆,1
4614,佑,1
4615,恤,1
4616,瓅,1
4617,薿,1
4618,棬,1
4619,蝘,1
4620,專,1
4621,癲,1
4622,貘,1
4623,栀,1
4624,褪,1
4625,堅,1
4626,勾,1
4627,睍,1
4628,埪,1
4629,酇,1
4630,椟,1
4631,皂,1
4632,卑,1
4633,涤,1
4634,犨,1
4635,茬,1
4636,僳,1
4637,萸,1
4638,肪,1
4639,锷,1
4640,拐,1
4641,衤,1
4642,龋,1
4643,坯,1
4644,曝,1
4645,祝,1
4646,驴,1
4647,政,1
4648,洒,1
4649,哥,1
4650,胎,1
4651,蛘,1
4652,侧,1
4653,徉,1
4654,鸨,1
4655,锪,1
4656,鈇,1
4657,傧,1
4658,狍,1
4659,惇,1
4660,溃,1
4661,炅,1
4662,搅,1
4663,潤,1
4664,毕,1
4665,礞,1
4666,蝓,1
4667,厨,1
4668,綪,1
4669,仵,1
4670,答,1
4671,丨,1
4672,時,1
4673,顔,1
4674,笃,1
4675,谧,1
4676,馉,1
4677,锵,1
4678,岑,1
4679,炳,1
4680,羞,1
4681,銭,1
4682,亟,1
4683,锌,1
4684,圩,1
4685,吸,1
4686,恧,1
4687,瞩,1
4688,嗾,1
4689,胤,1
4690,鲊,1
4691,忍,1
4692,栐,1
4693,巜,1
4694,绪,1
4695,痘,1
4696,顯,1
4697,羱,1
4698,笞,1
4699,哇,1
4700,骡,1
4701,谜,1
4702,攸,1
4703,镝,1
4704,扔,1
4705,伸,1
4706,胂,1
4707,缱,1
4708,署,1
4709,珑,1
4710,箅,1
4711,擒,1
4712,倘,1
4713,漭,1
4714,谣,1
4715,糊,1
4716,邂,1
4717,嫡,1
4718,胳,1
4719,粢,1
4720,槭,1
4721,贠,1
4722,鳙,1
4723,圻,1
4724,逡,1
4725,醴,1
4726,褒,1
4727,蜩,1
4728,液,1
4729,筅,1
4730,枸,1
4731,豇,1
4732,嵛,1
4733,鶒,1
4734,专,1
4735,觯,1
4736,啶,1
4737,觳,1
4738,钪,1
4739,揭,1
4740,烷,1
4741,棚,1
4742,钼,1
4743,歙,1
4744,拿,1
4745,堰,1
4746,嶙,1
4747,瑕,1
4748,谫,1
4749,潡,1
4750,绾,1
4751,萏,1
4752,鞨,1
4753,饬,1
4754,蝎,1
4755,甾,1
4756,镎,1
4757,陔,1
4758,痂,1
4759,瘦,1
4760,铣,1
4761,袂,1
4762,衹,1
4763,崟,1
4764,枋,1
4765,憨,1
4766,鼎,1
4767,姵,1
4768,潍,1
4769,硁,1
4770,艴,1
4771,迩,1
4772,喳,1
4773,搂,1
4774,壶,1
4775,蟊,1
4776,馘,1
4777,棂,1
4778,歧,1
4779,蒜,1
4780,棍,1
4781,崾,1
4782,俳,1
4783,侥,1
4784,烻,1
4785,焗,1
4786,笕,1
4787,沸,1
4788,锞,1
4789,縠,1
4790,錾,1
4791,崮,1
4792,泐,1
4793,鱚,1
4794,巽,1
4795,玼,1
4796,喑,1
4797,蓄,1
4798,酯,1
4799,爙,1
4800,钊,1
4801,袢,1
4802,逴,1
4803,氟,1
4804,鲠,1
4805,玑,1
4806,昈,1
4807,辦,1
4808,拢,1
4809,縣,1
4810,辱,1
4811,瑃,1
4812,逦,1
4813,铳,1
4814,炘,1
4815,蹲,1
4816,骠,1
4817,薇,1
4818,蒲,1
4819,喘,1
4820,沆,1
4821,稠,1
4822,拊,1
4823,鬯,1
4824,汹,1
4825,盅,1
4826,壑,1
4827,昊,1
4828,崖,1
4829,吭,1
4830,魋,1
4831,铡,1
4832,憩,1
4833,韬,1
4834,庑,1
4835,仟,1
4836,棼,1
4837,滂,1
4838,胚,1
4839,拣,1
4840,狁,1
4841,疮,1
4842,座,1
4843,鬓,1
4844,友,1
4845,估,1
4846,俏,1
4847,拄,1
4848,痱,1
4849,涉,1
4850,袄,1
4851,辆,1
4852,畹,1
4853,馕,1
4854,喁,1
4855,槺,1
4856,侉,1
4857,衩,1
4858,橦,1
4859,億,1
4860,鼋,1
4861,氤,1
4862,鎐,1
4863,玃,1
4864,箓,1
4865,扭,1
4866,狂,1
4867,芴,1
4868,闱,1
4869,汜,1
4870,歸,1
4871,罅,1
4872,棉,1
4873,蓁,1
4874,挟,1
4875,鼷,1
4876,悸,1
4877,朊,1
4878,皴,1
4879,譚,1
4880,篡,1
4881,鹾,1
4882,吱,1
4883,誠,1
4884,觌,1
4885,曼,1
4886,苻,1
4887,獒,1
4888,钉,1
4889,頜,1
4890,惙,1
4891,刀,1
4892,肯,1
4893,颞,1
4894,潜,1
4895,掺,1
4896,砥,1
4897,晟,1
4898,胰,1
4899,糟,1
4900,歪,1
4901,侔,1
4902,裤,1
4903,鱿,1
4904,骶,1
4905,盾,1
4906,堇,1
4907,琐,1
4908,馌,1
4909,妼,1
4910,鞬,1
4911,蜮,1
4912,蜗,1
4913,预,1
4914,懈,1
4915,骣,1
4916,岬,1
4917,龀,1
4918,坳,1
4919,鲤,1
4920,熔,1
4921,阆,1
4922,践,1
4923,禺,1
4924,集,1
4925,匹,1
4926,厫,1
4927,铕,1
4928,贴,1
4929,薮,1
4930,塌,1
4931,恣,1
4932,娩,1
4933,薹,1
4934,幢,1
4935,厂,1
4936,伙,1
4937,顧,1
4938,邾,1
4939,纮,1
4940,榨,1
4941,朽,1
4942,抚,1
4943,陧,1
4944,衒,1
4945,租,1
4946,孩,1
4947,蘩,1
4948,殆,1
4949,纕,1
4950,嘶,1
4951,就,1
4952,坦,1
4953,笾,1
4954,笳,1
4955,唔,1
4956,杠,1
4957,罔,1
4958,猛,1
4959,蹄,1
4960,舌,1
4961,他,1
4962,湄,1
4963,窘,1
4964,替,1
4965,璎,1
4966,耨,1
4967,祭,1
4968,鲏,1
4969,粗,1
4970,兄,1
4971,芥,1
4972,踞,1
4973,钫,1
4974,箐,1
4975,铝,1
4976,楣,1
4977,胬,1
4978,刃,1
4979,衾,1
4980,蟾,1
4981,缔,1
4982,里,1
4983,瑁,1
4984,祚,1
4985,萱,1
4986,蚨,1
4987,劐,1
4988,臃,1
4989,迕,1
4990,净,1
4991,枪,1
4992,蹅,1
4993,娥,1
4994,妭,1
4995,祓,1
4996,复,1
4997,碹,1
4998,珙,1
4999,荨,1
5000,镊,1
5001,潭,1
5002,视,1
5003,厌,1
5004,泞,1
5005,盹,1
5006,蛤,1
5007,芮,1
5008,啖,1
5009,馥,1
5010,亠,1
5011,楚,1
5012,浼,1
5013,峂,1
5014,赒,1
5015,拾,1
5016,谪,1
5017,狮,1
5018,邗,1
5019,跣,1
5020,跻,1
5021,镡,1
5022,嘴,1
5023,尖,1
5024,廖,1
5025,赠,1
5026,峭,1
5027,虼,1
5028,猺,1
5029,珒,1
5030,翈,1
5031,祋,1
5032,豕,1
5033,鲟,1
5034,擢,1
5035,缂,1
5036,浅,1
5037,岌,1
5038,颧,1
5039,榛,1
5040,踏,1
5041,麟,1
5042,杰,1
5043,卣,1
5044,俢,1
5045,髌,1
5046,稃,1
5047,摽,1
5048,秧,1
5049,篆,1
5050,骃,1
5051,咁,1
5052,儴,1
5053,滛,1
5054,邵,1
5055,戆,1
5056,澼,1
5057,燃,1
5058,蹊,1
5059,授,1
5060,镭,1
5061,投,1
5062,铖,1
5063,踬,1
5064,蛄,1
5065,湓,1
5066,堡,1
5067,褰,1
5068,荬,1
5069,谳,1
5070,汨,1
5071,窑,1
5072,婉,1
5073,鳮,1
5074,鬚,1
5075,埙,1
5076,侦,1
5077,汕,1
5078,藻,1
5079,蟋,1
5080,茶,1
5081,嗳,1
5082,垦,1
5083,瞭,1
5084,墚,1
5085,虬,1
5086,际,1
5087,既,1
5088,吞,1
5089,辂,1
5090,榴,1
5091,涕,1
5092,惬,1
5093,舳,1
5094,甩,1
5095,铽,1
5096,谒,1
5097,厝,1
5098,鬟,1
5099,钠,1
5100,柁,1
5101,坻,1
5102,吩,1
5103,愧,1
5104,呀,1
5105,飕,1
5106,骟,1
5107,孥,1
5108,镈,1
5109,救,1
5110,纲,1
5111,晚,1
5112,漕,1
5113,艘,1
5114,弊,1
5115,豳,1
5116,绻,1
5117,蠖,1
5118,玢,1
5119,煊,1
5120,镱,1
5121,陟,1
5122,逊,1
5123,鲼,1
5124,嵋,1
5125,较,1
5126,镯,1
5127,峪,1
5128,並,1
5129,艅,1
5130,褴,1
5131,膂,1
5132,蔺,1
5133,靥,1
5134,功,1
5135,畴,1
5136,匐,1
5137,瘸,1
5138,小,1
5139,苯,1
5140,淹,1
5141,慵,1
5142,癿,1
5143,磲,1
5144,苌,1
5145,距,1
5146,奸,1
5147,毹,1
5148,甿,1
5149,嶺,1
5150,實,1
5151,单,1
5152,鄹,1
5153,廆,1
5154,涎,1
5155,爿,1
5156,叼,1
5157,缩,1
5158,力,1
5159,位,1
5160,苕,1
5161,键,1
5162,侄,1
5163,揉,1
5164,又,1
5165,裙,1
5166,噍,1
5167,哜,1
5168,僻,1
5169,夼,1
5170,披,1
5171,悟,1
5172,瑗,1
5173,氆,1
5174,礌,1
5175,抡,1
5176,恨,1
5177,铁,1
5178,怕,1
5179,鄅,1
5180,區,1
5181,汈,1
5182,浡,1
5183,寅,1
5184,韨,1
5185,槟,1
5186,轷,1
5187,頍,1
5188,琤,1
5189,顽,1
5190,虏,1
5191,莽,1
5192,炻,1
5193,酞,1
5194,歹,1
5195,矬,1
5196,滁,1
5197,猩,1
5198,溅,1
5199,陡,1
5200,榆,1
5201,庼,1
5202,退,1
5203,腔,1
5204,簠,1
5205,骅,1
5206,拗,1
5207,蛔,1
5208,孔,1
5209,嚓,1
5210,裎,1
5211,尔,1
5212,轳,1
5213,哑,1
5214,响,1
5215,倩,1
5216,倒,1
5217,倪,1
5218,沌,1
5219,睽,1
5220,评,1
5221,演,1
5222,踯,1
5223,曙,1
5224,辟,1
5225,噤,1
5226,挎,1
5227,遨,1
5228,掏,1
5229,哨,1
5230,坛,1
5231,沄,1
5232,蝰,1
5233,锐,1
5234,钝,1
5235,冾,1
5236,渖,1
5237,啾,1
5238,埠,1
5239,嘟,1
5240,颜,1
5241,蒽,1
5242,蓓,1
5243,齮,1
5244,纼,1
5245,铉,1
5246,祈,1
5247,恭,1
5248,桩,1
5249,砰,1
5250,晌,1
5251,爆,1
5252,圉,1
5253,驵,1
5254,滏,1
5255,荤,1
5256,赚,1
5257,蓝,1
5258,瘪,1
5259,嚎,1
5260,敕,1
5261,苘,1
5262,锿,1
5263,幞,1
5264,筮,1
5265,汀,1
5266,嵊,1
5267,搌,1
5268,磋,1
5269,餍,1
5270,懦,1
5271,洱,1
5272,犀,1
5273,阜,1
5274,丿,1
5275,蕹,1
5276,蔌,1
5277,砻,1
5278,菸,1
5279,豨,1
5280,曷,1
5281,尴,1
5282,晋,1
5283,焚,1
5284,铠,1
5285,螠,1
5286,砧,1
5287,恍,1
5288,聂,1
5289,奢,1
5290,嵬,1
5291,虑,1
5292,晶,1
5293,黛,1
5294,黥,1
5295,垩,1
5296,岭,1
5297,借,1
5298,儒,1
5299,螓,1
5300,咳,1
5301,筝,1
5302,庋,1
5303,猹,1
5304,醋,1
5305,换,1
5306,潦,1
5307,箔,1
5308,竖,1
5309,幄,1
5310,外,1
5311,竿,1
5312,颗,1
5313,聪,1
5314,郅,1
5315,捶,1
5316,黏,1
5317,騱,1
5318,诽,1
5319,铵,1
5320,婪,1
5321,鸶,1
5322,傑,1
5323,拤,1
5324,檎,1
5325,舐,1
5326,舢,1
5327,噗,1
5328,瞒,1
5329,腋,1
5330,轿,1
5331,坨,1
5332,列,1
5333,垱,1
5334,霾,1
5335,簧,1
5336,湝,1
5337,芬,1
5338,寞,1
5339,牡,1
5340,鼠,1
5341,舶,1
5342,担,1
5343,甓,1
5344,瘵,1
5345,膨,1
5346,慊,1
5347,槿,1
5348,鑑,1
5349,雹,1
5350,歇,1
5351,臭,1
5352,骺,1
5353,赀,1
5354,咽,1
5355,犄,1
5356,嫢,1
5357,纬,1
5358,全,1
5359,仫,1
5360,媾,1
5361,逅,1
5362,炀,1
5363,插,1
5364,窕,1
5365,竦,1
5366,饳,1
5367,埭,1
5368,鲦,1
5369,弟,1
5370,椰,1
5371,鸯,1
5372,菟,1
5373,柩,1
5374,揎,1
5375,珷,1
5376,缥,1
5377,惫,1
5378,缕,1
5379,葰,1
5380,褔,1
5381,璘,1
5382,爽,1
5383,珮,1
5384,偎,1
5385,氰,1
5386,雌,1
5387,祐,1
5388,旎,1
5389,恺,1
5390,俫,1
5391,燡,1
5392,锳,1
5393,摊,1
5394,碛,1
5395,鹪,1
5396,檑,1
5397,簋,1
5398,羝,1
5399,敷,1
5400,憾,1
5401,耪,1
5402,冯,1
5403,瀼,1
5404,窥,1
5405,厅,1
5406,漦,1
5407,暴,1
5408,蟛,1
5409,咻,1
5410,嬅,1
5411,牝,1
5412,奎,1
5413,哭,1
5414,淙,1
5415,愁,1
5416,甡,1
5417,簝,1
5418,鲱,1
5419,茇,1
5420,撺,1
5421,眇,1
5422,嗷,1
5423,岖,1
5424,芗,1
5425,渴,1
5426,男,1
5427,鐽,1
5428,凛,1
5429,畅,1
5430,轭,1
5431,诜,1
5432,驻,1
5433,捣,1
5434,鬣,1
5435,恕,1
5436,梗,1
5437,芄,1
5438,瞍,1
5439,芍,1
5440,终,1
5441,遐,1
5442,孰,1
5443,饿,1
5444,禳,1
5445,腨,1
5446,镢,1
5447,鬈,1
5448,嘁,1
5449,镏,1
5450,遛,1
5451,嫫,1
5452,搜,1
5453,锉,1
5454,萼,1
5455,吧,1
5456,耗,1
5457,饔,1
5458,质,1
5459,潺,1
5460,淮,1
5461,鰊,1
5462,煤,1
5463,籽,1
5464,焜,1
5465,琇,1
5466,羼,1
5467,蘅,1
5468,鏈,1
5469,尿,1
5470,锹,1
5471,蹶,1
5472,麹,1
5473,忡,1
5474,牵,1
5475,战,1
5476,莱,1
5477,至,1
5478,咬,1
5479,碲,1
5480,娅,1
5481,砾,1
5482,奇,1
5483,螳,1
5484,汎,1
5485,孪,1
5486,廨,1
5487,疝,1
5488,孙,1
5489,桧,1
5490,诹,1
5491,幫,1
5492,伋,1
5493,很,1
5494,魈,1
5495,淞,1
5496,梄,1
5497,俎,1
5498,鲰,1
5499,獍,1
5500,叹,1
5501,堍,1
5502,偻,1
5503,绌,1
5504,卿,1
5505,吠,1
5506,诣,1
5507,藓,1
5508,析,1
5509,僬,1
5510,岕,1
5511,桡,1
5512,鼽,1
5513,缛,1
5514,瞋,1
5515,戬,1
5516,逖,1
5517,喂,1
5518,刈,1
5519,窆,1
5520,搒,1
5521,掣,1
5522,洋,1
5523,哢,1
5524,丞,1
5525,狷,1
5526,鲩,1
5527,盘,1
5528,宴,1
5529,旭,1
5530,鹖,1
5531,暍,1
5532,刑,1
5533,郸,1
5534,夐,1
5535,唐,1
5536,砗,1
5537,娠,1
5538,楠,1
5539,煲,1
5540,脒,1
5541,螂,1
5542,藨,1
5543,邋,1
5544,餐,1
5545,杩,1
5546,揳,1
5547,荃,1
5548,浟,1
5549,潏,1
5550,镐,1
5551,炬,1
5552,猾,1
5553,帖,1
5554,酮,1
5555,崴,1
5556,螫,1
5557,泵,1
5558,杲,1
5559,割,1
5560,邴,1
5561,呵,1
5562,髀,1
5563,强,1
5564,柚,1
5565,眨,1
5566,可,1
5567,維,1
5568,穙,1
5569,姲,1
5570,杆,1
5571,醪,1
5572,趾,1
5573,悄,1
5574,靰,1
5575,絪,1
5576,暇,1
5577,竣,1
5578,捻,1
5579,轩,1
5580,冱,1
5581,恁,1
5582,芏,1
5583,龉,1
5584,麸,1
5585,皿,1
5586,杖,1
5587,捱,1
5588,膜,1
5589,彬,1
5590,陈,1
5591,毓,1
5592,仂,1
5593,獐,1
5594,蜘,1
5595,蹦,1
5596,钌,1
5597,鸸,1
5598,娄,1
5599,羌,1
5600,疗,1
5601,森,1
5602,值,1
5603,塾,1
5604,馓,1
5605,辖,1
5606,鲚,1
5607,治,1
5608,酪,1
5609,畈,1
5610,价,1
5611,钜,1
5612,灰,1
5613,堀,1
5614,忙,1
5615,羖,1
5616,鵻,1
5617,澛,1
5618,澉,1
5619,昕,1
5620,释,1
5621,肽,1
5622,愉,1
5623,秽,1
5624,瞷,1
5625,爟,1
5626,乏,1
5627,刨,1
5628,栾,1
5629,并,1
5630,唠,1
5631,砌,1
5632,挤,1
5633,埂,1
5634,鲡,1
5635,芡,1
5636,糌,1
5637,葳,1
5638,骞,1
5639,躬,1
5640,罪,1
5641,衷,1
5642,唼,1
5643,妩,1
5644,坣,1
5645,辗,1
5646,涮,1
5647,瘛,1
5648,弄,1
5649,湮,1
5650,谩,1
5651,吃,1
5652,短,1
5653,钅,1
5654,考,1
5655,噪,1
5656,幅,1
5657,垤,1
5658,囝,1
5659,贪,1
5660,扬,1
5661,垓,1
5662,铧,1
5663,芰,1
5664,惠,1
5665,耸,1
5666,抿,1
5667,筑,1
5668,失,1
5669,孜,1
5670,钨,1
5671,酰,1
5672,诖,1
5673,壮,1
5674,掴,1
5675,荖,1
5676,褟,1
5677,槁,1
5678,巾,1
5679,谄,1
5680,莺,1
5681,捍,1
5682,郜,1
5683,蝥,1
5684,榔,1
5685,哔,1
5686,鸬,1
5687,纳,1
5688,涝,1
5689,各,1
5690,塥,1
5691,垧,1
5692,佶,1
5693,陉,1
5694,徜,1
5695,肷,1
5696,勃,1
5697,猓,1
5698,漓,1
5699,崽,1
5700,蜢,1
5701,占,1
5702,部,1
5703,嘎,1
5704,秒,1
5705,感,1
5706,韫,1
5707,蠊,1
5708,押,1
5709,瞿,1
5710,缒,1
5711,驸,1
5712,败,1
5713,哄,1
5714,简,1
5715,慎,1
5716,佤,1
5717,洧,1
5718,愎,1
5719,茌,1
5720,忮,1
5721,褫,1
5722,轴,1
5723,督,1
5724,殡,1
5725,咀,1
5726,嗤,1
5727,妨,1
5728,宦,1
5729,煌,1
5730,竡,1
5731,宏,1
5732,闑,1
5733,鹽,1
5734,嗦,1
5735,玄,1
5736,屿,1
5737,鞅,1
5738,碑,1
5739,鳆,1
5740,蓂,1
5741,塑,1
5742,砲,1
5743,苟,1
5744,号,1
5745,瓩,1
5746,胞,1
5747,陲,1
5748,沓,1
5749,恢,1
5750,椐,1
5751,焦,1
5752,蹬,1
5753,绯,1
5754,棒,1
5755,烤,1
5756,觇,1
5757,娜,1
5758,婀,1
5759,窄,1
5760,涅,1
5761,迦,1
5762,戛,1
5763,课,1
5764,傃,1
5765,冖,1
5766,袔,1
5767,副,1
5768,侨,1
5769,膛,1
5770,龈,1
5771,眸,1
5772,兖,1
5773,霤,1
5774,桊,1
5775,炮,1
5776,疥,1
5777,帜,1
5778,蝤,1
5779,锡,1
5780,獯,1
5781,礼,1
5782,邀,1
5783,艱,1
5784,羿,1
5785,捩,1
5786,纽,1
5787,匪,1
5788,棟,1
5789,恳,1
5790,裂,1
5791,怄,1
5792,蛱,1
5793,鉴,1
5794,擀,1
5795,劣,1
5796,蝈,1
5797,箨,1
5798,脷,1
5799,盦,1
5800,酡,1
5801,鄃,1
5802,锏,1
5803,辑,1
5804,纹,1
5805,痹,1
5806,黠,1
5807,腊,1
5808,忱,1
5809,搽,1
5810,硒,1
5811,幌,1
5812,刊,1
5813,习,1
5814,蔬,1
5815,倾,1
5816,軎,1
5817,尼,1
5818,鲜,1
5819,拓,1
5820,颡,1
5821,稽,1
5822,辙,1
5823,仑,1
5824,嘞,1
5825,禧,1
5826,羚,1
5827,柠,1
5828,泻,1
5829,火,1
5830,驿,1
5831,植,1
5832,锣,1
5833,股,1
5834,息,1
5835,槎,1
5836,湔,1
5837,黍,1
5838,観,1
5839,阂,1
5840,钐,1
5841,懔,1
5842,企,1
5843,丢,1
5844,荟,1
5845,荪,1
5846,帅,1
5847,撵,1
5848,佥,1
5849,泸,1
5850,槐,1
5851,冩,1
5852,跏,1
5853,挛,1
5854,典,1
5855,媖,1
5856,閉,1
5857,孕,1
5858,黒,1
5859,訊,1
5860,惝,1
5861,浛,1
5862,凌,1
5863,咧,1
